Ma,Re_L,alpha_L,c_i,c_r,family
2,300.000000,0.020000,nan,nan,
2,337.485919,0.020000,nan,nan,
2,379.655818,0.020000,nan,nan,
2,427.094976,0.020000,nan,nan,
2,480.461801,0.020000,nan,nan,
2,540.496975,0.020000,nan,nan,
2,608.033727,0.020000,nan,nan,
2,684.009404,0.020000,nan,nan,
2,769.478474,0.020000,nan,nan,
2,865.627167,0.020000,nan,nan,
2,973.789933,0.020000,nan,nan,
2,1095.467968,0.020000,nan,nan,
2,1232.350046,0.020000,nan,nan,
2,1386.335959,0.020000,nan,nan,
2,1559.562883,0.020000,nan,nan,
2,1754.435043,0.020000,nan,nan,
2,1973.657075,0.020000,nan,nan,
2,2220.271572,0.020000,nan,nan,
2,2497.701306,0.020000,nan,nan,
2,2809.796735,0.020000,nan,nan,
2,3160.889444,0.020000,nan,nan,
2,3555.852262,0.020000,nan,nan,
2,4000.166894,0.020000,nan,nan,
2,4500.000000,0.020000,-4.93299675e-02,-2.92227466e-02,TS
2,300.000000,0.027586,nan,nan,
2,337.485919,0.027586,nan,nan,
2,379.655818,0.027586,nan,nan,
2,427.094976,0.027586,nan,nan,
2,480.461801,0.027586,nan,nan,
2,540.496975,0.027586,nan,nan,
2,608.033727,0.027586,nan,nan,
2,684.009404,0.027586,nan,nan,
2,769.478474,0.027586,nan,nan,
2,865.627167,0.027586,nan,nan,
2,973.789933,0.027586,nan,nan,
2,1095.467968,0.027586,nan,nan,
2,1232.350046,0.027586,nan,nan,
2,1386.335959,0.027586,nan,nan,
2,1559.562883,0.027586,nan,nan,
2,1754.435043,0.027586,nan,nan,
2,1973.657075,0.027586,nan,nan,
2,2220.271572,0.027586,nan,nan,
2,2497.701306,0.027586,nan,nan,
2,2809.796735,0.027586,nan,nan,
2,3160.889444,0.027586,-4.89474448e-02,-1.95727297e-02,TS
2,3555.852262,0.027586,-4.67621737e-02,-2.26877615e-02,TS
2,4000.166894,0.027586,-4.46736534e-02,-2.56692200e-02,TS
2,4500.000000,0.027586,-4.26767138e-02,-2.85220167e-02,TS
2,300.000000,0.035172,nan,nan,
2,337.485919,0.035172,nan,nan,
2,379.655818,0.035172,nan,nan,
2,427.094976,0.035172,nan,nan,
2,480.461801,0.035172,nan,nan,
2,540.496975,0.035172,nan,nan,
2,608.033727,0.035172,nan,nan,
2,684.009404,0.035172,nan,nan,
2,769.478474,0.035172,nan,nan,
2,865.627167,0.035172,nan,nan,
2,973.789933,0.035172,nan,nan,
2,1095.467968,0.035172,nan,nan,
2,1232.350046,0.035172,nan,nan,
2,1386.335959,0.035172,nan,nan,
2,1559.562883,0.035172,nan,nan,
2,1754.435043,0.035172,nan,nan,
2,1973.657075,0.035172,nan,nan,
2,2220.271572,0.035172,-4.94380428e-02,-4.22467017e-03,TS
2,2497.701306,0.035172,-4.72466148e-02,-7.35686649e-03,TS
2,2809.796735,0.035172,-4.51550261e-02,-1.03582163e-02,TS
2,3160.889444,0.035172,-4.31575416e-02,-1.32335014e-02,TS
2,3555.852262,0.035172,-4.12488897e-02,-1.59873382e-02,TS
2,4000.166894,0.035172,-3.94242119e-02,-1.86241671e-02,TS
2,4500.000000,0.035172,-3.76790344e-02,-2.11482444e-02,TS
2,300.000000,0.042759,nan,nan,
2,337.485919,0.042759,nan,nan,
2,379.655818,0.042759,nan,nan,
2,427.094976,0.042759,nan,nan,
2,480.461801,0.042759,nan,nan,
2,540.496975,0.042759,nan,nan,
2,608.033727,0.042759,nan,nan,
2,684.009404,0.042759,nan,nan,
2,769.478474,0.042759,nan,nan,
2,865.627167,0.042759,nan,nan,
2,973.789933,0.042759,nan,nan,
2,1095.467968,0.042759,nan,nan,
2,1232.350046,0.042759,nan,nan,
2,1386.335959,0.042759,nan,nan,
2,1559.562883,0.042759,-4.98901731e-02,1.64753210e-02,TS
2,1754.435043,0.042759,-4.76794960e-02,1.33480296e-02,TS
2,1973.657075,0.042759,-4.55752279e-02,1.03476164e-02,TS
2,2220.271572,0.042759,-4.35706406e-02,7.46940577e-03,TS
2,2497.701306,0.042759,-4.16596056e-02,4.70888480e-03,TS
2,2809.796735,0.042759,-3.98365092e-02,2.06170199e-03,TS
2,3160.889444,0.042759,-3.80961888e-02,-4.76322470e-04,TS
2,3555.852262,0.042759,-3.64338926e-02,-2.90918441e-03,TS
2,4000.166894,0.042759,-3.48452596e-02,-5.24069200e-03,TS
2,4500.000000,0.042759,-3.33263114e-02,-7.47447890e-03,TS
2,300.000000,0.050345,nan,nan,
2,337.485919,0.050345,nan,nan,
2,379.655818,0.050345,nan,nan,
2,427.094976,0.050345,nan,nan,
2,480.461801,0.050345,nan,nan,
2,540.496975,0.050345,nan,nan,
2,608.033727,0.050345,nan,nan,
2,684.009404,0.050345,nan,nan,
2,769.478474,0.050345,nan,nan,
2,865.627167,0.050345,nan,nan,
2,973.789933,0.050345,nan,nan,
2,1095.467968,0.050345,-4.96201476e-02,4.23624104e-02,TS
2,1232.350046,0.050345,-4.73812826e-02,3.93173942e-02,TS
2,1386.335959,0.050345,-4.52598337e-02,3.63933851e-02,TS
2,1559.562883,0.050345,-4.32475273e-02,3.35857443e-02,TS
2,1754.435043,0.050345,-4.13369085e-02,3.08900325e-02,TS
2,1973.657075,0.050345,-3.95212261e-02,2.83019819e-02,TS
2,2220.271572,0.050345,-3.77943317e-02,2.58174819e-02,TS
2,2497.701306,0.050345,-3.61505942e-02,2.34325812e-02,TS
2,2809.796735,0.050345,-3.45848373e-02,2.11435012e-02,TS
2,3160.889444,0.050345,-3.30923012e-02,1.89466497e-02,TS
2,3555.852262,0.050345,-3.16686265e-02,1.68386253e-02,TS
2,4000.166894,0.050345,-3.03098481e-02,1.48162023e-02,TS
2,4500.000000,0.050345,-2.90123874e-02,1.28762969e-02,TS
2,300.000000,0.057931,nan,nan,
2,337.485919,0.057931,nan,nan,
2,379.655818,0.057931,nan,nan,
2,427.094976,0.057931,nan,nan,
2,480.461801,0.057931,nan,nan,
2,540.496975,0.057931,nan,nan,
2,608.033727,0.057931,nan,nan,
2,684.009404,0.057931,nan,nan,
2,769.478474,0.057931,-4.81881878e-02,7.28992936e-02,TS
2,865.627167,0.057931,-4.58987477e-02,7.00498900e-02,TS
2,973.789933,0.057931,-4.37427979e-02,6.73143060e-02,TS
2,1095.467968,0.057931,-4.17098070e-02,6.46878511e-02,TS
2,1232.350046,0.057931,-3.97903780e-02,6.21661257e-02,TS
2,1386.335959,0.057931,-3.79760967e-02,5.97449629e-02,TS
2,1559.562883,0.057931,-3.62593996e-02,5.74203836e-02,TS
2,1754.435043,0.057931,-3.46334555e-02,5.51885670e-02,TS
2,1973.657075,0.057931,-3.30920594e-02,5.30458360e-02,TS
2,2220.271572,0.057931,-3.16295423e-02,5.09886582e-02,TS
2,2497.701306,0.057931,-3.02407027e-02,4.90136608e-02,TS
2,2809.796735,0.057931,-2.89207643e-02,4.71176479e-02,TS
2,3160.889444,0.057931,-2.76653565e-02,4.52976101e-02,TS
2,3555.852262,0.057931,-2.64705112e-02,4.35507148e-02,TS
2,4000.166894,0.057931,-2.53326580e-02,4.18742750e-02,TS
2,4500.000000,0.057931,-2.42486079e-02,4.02657033e-02,TS
2,300.000000,0.065517,-3.44225384e-02,-4.39094155e-01,TS
2,337.485919,0.065517,-3.29427628e-02,-4.41508275e-01,TS
2,379.655818,0.065517,-3.14996468e-02,-4.43793981e-01,TS
2,427.094976,0.065517,-3.00960978e-02,-4.45957803e-01,TS
2,480.461801,0.065517,-2.87342386e-02,-4.48005985e-01,TS
2,540.496975,0.065517,-2.74155494e-02,-4.49944478e-01,TS
2,608.033727,0.065517,-2.61409829e-02,-4.51778941e-01,TS
2,684.009404,0.065517,-2.49110596e-02,-4.53514743e-01,TS
2,769.478474,0.065517,-2.37259466e-02,-4.55156982e-01,TS
2,865.627167,0.065517,-2.25855260e-02,-4.56710487e-01,TS
2,973.789933,0.065517,-2.14894535e-02,-4.58179847e-01,TS
2,1095.467968,0.065517,-2.04372064e-02,-4.59569428e-01,TS
2,1232.350046,0.065517,-1.94281135e-02,-4.60883406e-01,TS
2,1386.335959,0.065517,-1.84613645e-02,-4.62125800e-01,TS
2,1559.562883,0.065517,-1.75359997e-02,-4.63300475e-01,TS
2,1754.435043,0.065517,-1.66508935e-02,-4.64411133e-01,TS
2,1973.657075,0.065517,-1.58047507e-02,-4.65461268e-01,TS
2,2220.271572,0.065517,-1.49961344e-02,-4.66454108e-01,TS
2,2497.701306,0.065517,-1.42235318e-02,-4.67392566e-01,TS
2,2809.796735,0.065517,-1.34854491e-02,-4.68279220e-01,TS
2,3160.889444,0.065517,-1.27805123e-02,-4.69116343e-01,TS
2,3555.852262,0.065517,-1.21075493e-02,-4.69905972e-01,TS
2,4000.166894,0.065517,-1.14656339e-02,-4.70650009e-01,TS
2,4500.000000,0.065517,-1.08540858e-02,-4.71350322e-01,TS
2,300.000000,0.073103,-3.95739900e-02,-3.49698207e-01,TS
2,337.485919,0.073103,-3.78511555e-02,-3.52451937e-01,TS
2,379.655818,0.073103,-3.61758844e-02,-3.55058609e-01,TS
2,427.094976,0.073103,-3.45506739e-02,-3.57526176e-01,TS
2,480.461801,0.073103,-3.29772122e-02,-3.59862116e-01,TS
2,540.496975,0.073103,-3.14565379e-02,-3.62073455e-01,TS
2,608.033727,0.073103,-2.99891667e-02,-3.64166793e-01,TS
2,684.009404,0.073103,-2.85751940e-02,-3.66148340e-01,TS
2,769.478474,0.073103,-2.72143785e-02,-3.68023937e-01,TS
2,865.627167,0.073103,-2.59062146e-02,-3.69799091e-01,TS
2,973.789933,0.073103,-2.46499923e-02,-3.71479006e-01,TS
2,1095.467968,0.073103,-2.34448430e-02,-3.73068616e-01,TS
2,1232.350046,0.073103,-2.22897658e-02,-3.74572633e-01,TS
2,1386.335959,0.073103,-2.11836315e-02,-3.75995568e-01,TS
2,1559.562883,0.073103,-2.01251700e-02,-3.77341750e-01,TS
2,1754.435043,0.073103,-1.91129572e-02,-3.78615302e-01,TS
2,1973.657075,0.073103,-1.81454193e-02,-3.79820101e-01,TS
2,2220.271572,0.073103,-1.72208713e-02,-3.80959724e-01,TS
2,2497.701306,0.073103,-1.61623330e-02,1.17202727e-01,TS
2,2809.796735,0.073103,-1.50877062e-02,1.16157340e-01,TS
2,3160.889444,0.073103,-1.40425429e-02,1.15159820e-01,TS
2,3555.852262,0.073103,-1.30222054e-02,1.14207314e-01,TS
2,4000.166894,0.073103,-1.20223469e-02,1.13296742e-01,TS
2,4500.000000,0.073103,-1.10389159e-02,1.12424694e-01,TS
2,300.000000,0.080690,-3.72766282e-02,1.76501994e-01,TS
2,337.485919,0.080690,-3.47520478e-02,1.74737619e-01,TS
2,379.655818,0.080690,-3.24127206e-02,1.73057368e-01,TS
2,427.094976,0.080690,-3.02369003e-02,1.71455868e-01,TS
2,480.461801,0.080690,-2.82054428e-02,1.69928752e-01,TS
2,540.496975,0.080690,-2.63014251e-02,1.68472326e-01,TS
2,608.033727,0.080690,-2.45098065e-02,1.67083316e-01,TS
2,684.009404,0.080690,-2.28171356e-02,1.65758686e-01,TS
2,769.478474,0.080690,-2.12112986e-02,1.64495502e-01,TS
2,865.627167,0.080690,-1.96813078e-02,1.63290822e-01,TS
2,973.789933,0.080690,-1.82171265e-02,1.62141601e-01,TS
2,1095.467968,0.080690,-1.68095257e-02,1.61044611e-01,TS
2,1232.350046,0.080690,-1.54499707e-02,1.59996351e-01,TS
2,1386.335959,0.080690,-1.41305343e-02,1.58992964e-01,TS
2,1559.562883,0.080690,-1.28438393e-02,1.58030159e-01,TS
2,1754.435043,0.080690,-1.15830354e-02,1.57103134e-01,TS
2,1973.657075,0.080690,-1.03418216e-02,1.56206517e-01,TS
2,2220.271572,0.080690,-9.11452435e-03,1.55334319e-01,TS
2,2497.701306,0.080690,-7.89623732e-03,1.54479912e-01,TS
2,2809.796735,0.080690,-6.68302062e-03,1.53636026e-01,TS
2,3160.889444,0.080690,-5.47214298e-03,1.52794779e-01,TS
2,3555.852262,0.080690,-4.26234122e-03,1.51947767e-01,TS
2,4000.166894,0.080690,-3.05406228e-03,1.51086216e-01,TS
2,4500.000000,0.080690,-1.84965033e-03,1.50201244e-01,TS
2,300.000000,0.088276,-2.80549809e-02,2.06725791e-01,TS
2,337.485919,0.088276,-2.58736092e-02,2.05437310e-01,TS
2,379.655818,0.088276,-2.38361318e-02,2.04210050e-01,TS
2,427.094976,0.088276,-2.19231492e-02,2.03039828e-01,TS
2,480.461801,0.088276,-2.01174065e-02,2.01922871e-01,TS
2,540.496975,0.088276,-1.84034765e-02,2.00855537e-01,TS
2,608.033727,0.088276,-1.67674938e-02,1.99834100e-01,TS
2,684.009404,0.088276,-1.51969449e-02,1.98854564e-01,TS
2,769.478474,0.088276,-1.36805137e-02,1.97912519e-01,TS
2,865.627167,0.088276,-1.22079855e-02,1.97002999e-01,TS
2,973.789933,0.088276,-1.07702098e-02,1.96120364e-01,TS
2,1095.467968,0.088276,-9.35912311e-03,1.95258206e-01,TS
2,1232.350046,0.088276,-7.96783016e-03,1.94409267e-01,TS
2,1386.335959,0.088276,-6.59073915e-03,1.93565419e-01,TS
2,1559.562883,0.088276,-5.22374588e-03,1.92717698e-01,TS
2,1754.435043,0.088276,-3.86445566e-03,1.91856430e-01,TS
2,1973.657075,0.088276,-2.51242588e-03,1.90971467e-01,TS
2,2220.271572,0.088276,-1.16940111e-03,1.90052529e-01,TS
2,2497.701306,0.088276,1.60500654e-04,1.89089658e-01,TS
2,2809.796735,0.088276,1.47070228e-03,1.88073751e-01,TS
2,3160.889444,0.088276,2.75223529e-03,1.86997118e-01,TS
2,3555.852262,0.088276,3.99399820e-03,1.85854021e-01,TS
2,4000.166894,0.088276,5.18320918e-03,1.84641112e-01,TS
2,4500.000000,0.088276,6.30601304e-03,1.83357724e-01,TS
2,300.000000,0.095862,-2.07366734e-02,2.36124426e-01,TS
2,337.485919,0.095862,-1.88028084e-02,2.35149403e-01,TS
2,379.655818,0.095862,-1.69744983e-02,2.34215133e-01,TS
2,427.094976,0.095862,-1.52347578e-02,2.33316812e-01,TS
2,480.461801,0.095862,-1.35684830e-02,2.32449440e-01,TS
2,540.496975,0.095862,-1.19622786e-02,2.31607581e-01,TS
2,608.033727,0.095862,-1.04043550e-02,2.30785171e-01,TS
2,684.009404,0.095862,-8.88450134e-03,2.29975368e-01,TS
2,769.478474,0.095862,-7.39413263e-03,2.29170463e-01,TS
2,865.627167,0.095862,-5.92640797e-03,2.28361834e-01,TS
2,973.789933,0.095862,-4.47641080e-03,2.27539988e-01,TS
2,1095.467968,0.095862,-3.04137334e-03,2.26694680e-01,TS
2,1232.350046,0.095862,-1.62091882e-03,2.25815146e-01,TS
2,1386.335959,0.095862,-2.17285123e-04,2.24890464e-01,TS
2,1559.562883,0.095862,1.16451560e-03,2.23910043e-01,TS
2,1754.435043,0.095862,2.51665189e-03,2.22864241e-01,TS
2,1973.657075,0.095862,3.82858969e-03,2.21745054e-01,TS
2,2220.271572,0.095862,5.08740122e-03,2.20546816e-01,TS
2,2497.701306,0.095862,6.27826577e-03,2.19266798e-01,TS
2,2809.796735,0.095862,7.38512366e-03,2.17905629e-01,TS
2,3160.889444,0.095862,8.39141043e-03,2.16467475e-01,TS
2,3555.852262,0.095862,9.28078132e-03,2.14959969e-01,TS
2,4000.166894,0.095862,1.00377414e-02,2.13393959e-01,TS
2,4500.000000,0.095862,1.06481231e-02,2.11783165e-01,TS
2,300.000000,0.103448,-1.51261786e-02,2.63462143e-01,TS
2,337.485919,0.103448,-1.33629476e-02,2.62666769e-01,TS
2,379.655818,0.103448,-1.16747419e-02,2.61891499e-01,TS
2,427.094976,0.103448,-1.00475836e-02,2.61129620e-01,TS
2,480.461801,0.103448,-8.46949756e-03,2.60373790e-01,TS
2,540.496975,0.103448,-6.93052663e-03,2.59615885e-01,TS
2,608.033727,0.103448,-5.42282075e-03,2.58846931e-01,TS
2,684.009404,0.103448,-3.94079505e-03,2.58057119e-01,TS
2,769.478474,0.103448,-2.48134376e-03,2.57235920e-01,TS
2,865.627167,0.103448,-1.04408757e-03,2.56372328e-01,TS
2,973.789933,0.103448,3.68382201e-04,2.55455235e-01,TS
2,1095.467968,0.103448,1.75031582e-03,2.54473956e-01,TS
2,1232.350046,0.103448,3.09274096e-03,2.53418899e-01,TS
2,1386.335959,0.103448,4.38358924e-03,2.52282330e-01,TS
2,1559.562883,0.103448,5.60805932e-03,2.51059172e-01,TS
2,1754.435043,0.103448,6.74921798e-03,2.49747729e-01,TS
2,1973.657075,0.103448,7.78878604e-03,2.48350241e-01,TS
2,2220.271572,0.103448,8.70801197e-03,2.46873194e-01,TS
2,2497.701306,0.103448,9.48852145e-03,2.45327387e-01,TS
2,2809.796735,0.103448,1.01130540e-02,2.43727800e-01,TS
2,3160.889444,0.103448,1.05660490e-02,2.42093369e-01,TS
2,3555.852262,0.103448,1.08341074e-02,2.40446812e-01,TS
2,4000.166894,0.103448,1.09064296e-02,2.38814639e-01,TS
2,4500.000000,0.103448,1.07754074e-02,2.37227453e-01,TS
2,300.000000,0.111034,-1.09303728e-02,2.88157793e-01,TS
2,337.485919,0.111034,-9.29150652e-03,2.87443233e-01,TS
2,379.655818,0.111034,-7.70755048e-03,2.86727932e-01,TS
2,427.094976,0.111034,-6.16838310e-03,2.86003063e-01,TS
2,480.461801,0.111034,-4.66628669e-03,2.85259076e-01,TS
2,540.496975,0.111034,-3.19611804e-03,2.84485701e-01,TS
2,608.033727,0.111034,-1.75553749e-03,2.83672092e-01,TS
2,684.009404,0.111034,-3.45273658e-04,2.82807099e-01,TS
2,769.478474,0.111034,1.03061815e-03,2.81879718e-01,TS
2,865.627167,0.111034,2.36456929e-03,2.80879722e-01,TS
2,973.789933,0.111034,3.64546561e-03,2.79798446e-01,TS
2,1095.467968,0.111034,4.85885072e-03,2.78629689e-01,TS
2,1232.350046,0.111034,5.98741482e-03,2.77370615e-01,TS
2,1386.335959,0.111034,7.01176289e-03,2.76022552e-01,TS
2,1559.562883,0.111034,7.91139136e-03,2.74591590e-01,TS
2,1754.435043,0.111034,8.66575910e-03,2.73088925e-01,TS
2,1973.657075,0.111034,9.25533544e-03,2.71530985e-01,TS
2,2220.271572,0.111034,9.66255604e-03,2.69939427e-01,TS
2,2497.701306,0.111034,9.87270644e-03,2.68341112e-01,TS
2,2809.796735,0.111034,9.87487341e-03,2.66768214e-01,TS
2,3160.889444,0.111034,9.66324672e-03,2.65258492e-01,TS
2,3555.852262,0.111034,9.23922039e-03,2.63855658e-01,TS
2,4000.166894,0.111034,8.61489959e-03,2.62609352e-01,TS
2,4500.000000,0.111034,7.81857742e-03,2.61573461e-01,TS
2,300.000000,0.118621,-7.87109783e-03,3.10087350e-01,TS
2,337.485919,0.118621,-6.33675892e-03,3.09388472e-01,TS
2,379.655818,0.118621,-4.84752635e-03,3.08669539e-01,TS
2,427.094976,0.118621,-3.39772281e-03,3.07920206e-01,TS
2,480.461801,0.118621,-1.98460096e-03,3.07129633e-01,TS
2,540.496975,0.118621,-6.08631529e-04,3.06286722e-01,TS
2,608.033727,0.118621,7.26200313e-04,3.05380563e-01,TS
2,684.009404,0.118621,2.01216052e-03,3.04401081e-01,TS
2,769.478474,0.118621,3.23768852e-03,3.03339905e-01,TS
2,865.627167,0.118621,4.38757425e-03,3.02191371e-01,TS
2,973.789933,0.118621,5.44345968e-03,3.00953578e-01,TS
2,1095.467968,0.118621,6.38467645e-03,2.99629350e-01,TS
2,1232.350046,0.118621,7.18936420e-03,2.98227002e-01,TS
2,1386.335959,0.118621,7.83576633e-03,2.96760840e-01,TS
2,1559.562883,0.118621,8.30360054e-03,2.95251440e-01,TS
2,1754.435043,0.118621,8.57546155e-03,2.93725769e-01,TS
2,1973.657075,0.118621,8.63833107e-03,2.92217268e-01,TS
2,2220.271572,0.118621,8.48543110e-03,2.90765929e-01,TS
2,2497.701306,0.118621,8.11883040e-03,2.89418193e-01,TS
2,2809.796735,0.118621,7.55331241e-03,2.88226037e-01,TS
2,3160.889444,0.118621,6.82175236e-03,2.87243867e-01,TS
2,3555.852262,0.118621,5.98095555e-03,2.86520766e-01,TS
2,4000.166894,0.118621,5.11372555e-03,2.86085894e-01,TS
2,4500.000000,0.118621,4.31912221e-03,2.85929451e-01,TS
2,300.000000,0.126207,-5.71240034e-03,3.29384914e-01,TS
2,337.485919,0.126207,-4.27877252e-03,3.28664662e-01,TS
2,379.655818,0.126207,-2.88895611e-03,3.27908157e-01,TS
2,427.094976,0.126207,-1.54201822e-03,3.27104447e-01,TS
2,480.461801,0.126207,-2.40546673e-04,3.26242652e-01,TS
2,540.496975,0.126207,1.00903799e-03,3.25312551e-01,TS
2,608.033727,0.126207,2.19629508e-03,3.24305431e-01,TS
2,684.009404,0.126207,3.30681668e-03,3.23215143e-01,TS
2,769.478474,0.126207,4.32262368e-03,3.22039296e-01,TS
2,865.627167,0.126207,5.22295940e-03,3.20780430e-01,TS
2,973.789933,0.126207,5.98546717e-03,3.19447039e-01,TS
2,1095.467968,0.126207,6.58768022e-03,3.18054331e-01,TS
2,1232.350046,0.126207,7.00873959e-03,3.16624704e-01,TS
2,1386.335959,0.126207,7.23130894e-03,3.15187967e-01,TS
2,1559.562883,0.126207,7.24377500e-03,3.13781343e-01,TS
2,1754.435043,0.126207,7.04297728e-03,3.12449164e-01,TS
2,1973.657075,0.126207,6.63781705e-03,3.11241833e-01,TS
2,2220.271572,0.126207,6.05393648e-03,3.10212996e-01,TS
2,2497.701306,0.126207,5.33876086e-03,3.09413128e-01,TS
2,2809.796735,0.126207,4.56395252e-03,3.08877677e-01,TS
2,3160.889444,0.126207,3.81933826e-03,3.08610840e-01,TS
2,3555.852262,0.126207,3.19320698e-03,3.08573363e-01,TS
2,4000.166894,0.126207,2.74453275e-03,3.08687651e-01,TS
2,4500.000000,0.126207,2.48550024e-03,3.08863012e-01,TS
2,300.000000,0.133793,-4.25813171e-03,3.46301954e-01,TS
2,337.485919,0.133793,-2.92845404e-03,3.45543768e-01,TS
2,379.655818,0.133793,-1.64773604e-03,3.44737145e-01,TS
2,427.094976,0.133793,-4.19916977e-04,3.43871647e-01,TS
2,480.461801,0.133793,7.47034713e-04,3.42937907e-01,TS
2,540.496975,0.133793,1.84098468e-03,3.41928628e-01,TS
2,608.033727,0.133793,2.84580949e-03,3.40839811e-01,TS
2,684.009404,0.133793,3.74199715e-03,3.39672097e-01,TS
2,769.478474,0.133793,4.50772454e-03,3.38432064e-01,TS
2,865.627167,0.133793,5.12039702e-03,3.37133310e-01,TS
2,973.789933,0.133793,5.55859346e-03,3.35797213e-01,TS
2,1095.467968,0.133793,5.80437701e-03,3.34453316e-01,TS
2,1232.350046,0.133793,5.84601718e-03,3.33139258e-01,TS
2,1386.335959,0.133793,5.68128309e-03,3.31900091e-01,TS
2,1559.562883,0.133793,5.32148778e-03,3.30786426e-01,TS
2,1754.435043,0.133793,4.79611537e-03,3.29850327e-01,TS
2,1973.657075,0.133793,4.15669942e-03,3.29137381e-01,TS
2,2220.271572,0.133793,3.47643957e-03,3.28674194e-01,TS
2,2497.701306,0.133793,2.84042739e-03,3.28454364e-01,TS
2,2809.796735,0.133793,2.32485441e-03,3.28432038e-01,TS
2,3160.889444,0.133793,1.97405256e-03,3.28532308e-01,TS
2,3555.852262,0.133793,1.79066168e-03,3.28675421e-01,TS
2,4000.166894,0.133793,1.74438392e-03,3.28799345e-01,TS
2,4500.000000,0.133793,1.78986718e-03,3.28869214e-01,TS
2,300.000000,0.141379,-3.34620100e-03,3.61124481e-01,TS
2,337.485919,0.141379,-2.12546796e-03,3.60325454e-01,TS
2,379.655818,0.141379,-9.63483367e-04,3.59470380e-01,TS
2,427.094976,0.141379,1.31097082e-04,3.58550701e-01,TS
2,480.461801,0.141379,1.14540606e-03,3.57560341e-01,TS
2,540.496975,0.141379,2.06263921e-03,3.56497060e-01,TS
2,608.033727,0.141379,2.86283022e-03,3.55363932e-01,TS
2,684.009404,0.141379,3.52419577e-03,3.54170740e-01,TS
2,769.478474,0.141379,4.02505387e-03,3.52935110e-01,TS
2,865.627167,0.141379,4.34628325e-03,3.51683210e-01,TS
2,973.789933,0.141379,4.47431086e-03,3.50449850e-01,TS
2,1095.467968,0.141379,4.40466931e-03,3.49277750e-01,TS
2,1232.350046,0.141379,4.14614399e-03,3.48215450e-01,TS
2,1386.335959,0.141379,3.72517769e-03,3.47312965e-01,TS
2,1559.562883,0.141379,3.18916206e-03,3.46613975e-01,TS
2,1754.435043,0.141379,2.60548814e-03,3.46144286e-01,TS
2,1973.657075,0.141379,2.05225655e-03,3.45899620e-01,TS
2,2220.271572,0.141379,1.59988373e-03,3.45840417e-01,TS
2,2497.701306,0.141379,1.29124730e-03,3.45900843e-01,TS
2,2809.796735,0.141379,1.13272388e-03,3.46009337e-01,TS
2,3160.889444,0.141379,1.10070693e-03,3.46108283e-01,TS
2,3555.852262,0.141379,1.15642169e-03,3.46163222e-01,TS
2,4000.166894,0.141379,1.25954205e-03,3.46161862e-01,TS
2,4500.000000,0.141379,1.37651464e-03,3.46108117e-01,TS
2,300.000000,0.148966,-2.84418992e-03,3.74131140e-01,TS
2,337.485919,0.148966,-1.73649458e-03,3.73297066e-01,TS
2,379.655818,0.148966,-7.00297357e-04,3.72404352e-01,TS
2,427.094976,0.148966,2.51650808e-04,3.71447796e-01,TS
2,480.461801,0.148966,1.10275190e-03,3.70426350e-01,TS
2,540.496975,0.148966,1.83346182e-03,3.69344687e-01,TS
2,608.033727,0.148966,2.42285845e-03,3.68214680e-01,TS
2,684.009404,0.148966,2.85090650e-03,3.67056551e-01,TS
2,769.478474,0.148966,3.10139984e-03,3.65899415e-01,TS
2,865.627167,0.148966,3.16554115e-03,3.64780940e-01,TS
2,973.789933,0.148966,3.04606983e-03,3.63745648e-01,TS
2,1095.467968,0.148966,2.76158964e-03,3.62841154e-01,TS
2,1232.350046,0.148966,2.34999562e-03,3.62111412e-01,TS
2,1386.335959,0.148966,1.86857109e-03,3.61586691e-01,TS
2,1559.562883,0.148966,1.38737373e-03,3.61272330e-01,TS
2,1754.435043,0.148966,9.74508265e-04,3.61142124e-01,TS
2,1973.657075,0.148966,6.78142018e-04,3.61142928e-01,TS
2,2220.271572,0.148966,5.15328209e-04,3.61210555e-01,TS
2,2497.701306,0.148966,4.73824404e-04,3.61288047e-01,TS
2,2809.796735,0.148966,5.23301198e-04,3.61336860e-01,TS
2,3160.889444,0.148966,6.27886652e-04,3.61338759e-01,TS
2,3555.852262,0.148966,7.55076174e-04,3.61291964e-01,TS
2,4000.166894,0.148966,8.80349486e-04,3.61205448e-01,TS
2,4500.000000,0.148966,9.88646200e-04,3.61093486e-01,TS
2,300.000000,0.156552,-2.64540051e-03,3.85575275e-01,TS
2,337.485919,0.156552,-1.65258004e-03,3.84717314e-01,TS
2,379.655818,0.156552,-7.45251284e-04,3.83803365e-01,TS
2,427.094976,0.156552,6.09099272e-05,3.82832942e-01,TS
2,480.461801,0.156552,7.47442020e-04,3.81811407e-01,TS
2,540.496975,0.156552,1.29480739e-03,3.80751510e-01,TS
2,608.033727,0.156552,1.68491019e-03,3.79674513e-01,TS
2,684.009404,0.156552,1.90439671e-03,3.78610561e-01,TS
2,769.478474,0.156552,1.94861916e-03,3.77597840e-01,TS
2,865.627167,0.156552,1.82595241e-03,3.76679947e-01,TS
2,973.789933,0.156552,1.56167386e-03,3.75900713e-01,TS
2,1095.467968,0.156552,1.19968702e-03,3.75296037e-01,TS
2,1232.350046,0.156552,7.99376225e-04,3.74883660e-01,TS
2,1386.335959,0.156552,4.25418622e-04,3.74654685e-01,TS
2,1559.562883,0.156552,1.32303981e-04,3.74572733e-01,TS
2,1754.435043,0.156552,-4.92426843e-05,3.74583766e-01,TS
2,1973.657075,0.156552,-1.16337454e-04,3.74632071e-01,TS
2,2220.271572,0.156552,-8.77193906e-05,3.74673696e-01,TS
2,2497.701306,0.156552,7.05192590e-06,3.74682223e-01,TS
2,2809.796735,0.156552,1.37157422e-04,3.74647864e-01,TS
2,3160.889444,0.156552,2.76563793e-04,3.74573296e-01,TS
2,3555.852262,0.156552,4.06881182e-04,3.74468781e-01,TS
2,4000.166894,0.156552,5.17986201e-04,3.74347699e-01,TS
2,4500.000000,0.156552,6.07084949e-04,3.74222881e-01,TS
2,300.000000,0.164138,-2.66484973e-03,3.95679224e-01,TS
2,337.485919,0.164138,-1.78574683e-03,3.94811547e-01,TS
2,379.655818,0.164138,-1.00562697e-03,3.93895645e-01,TS
2,427.094976,0.164138,-3.41402106e-04,3.92936730e-01,TS
2,480.461801,0.164138,1.89055340e-04,3.91947289e-01,TS
2,540.496975,0.164138,5.69545582e-04,3.90948197e-01,TS
2,608.033727,0.164138,7.89025919e-04,3.89968945e-01,TS
2,684.009404,0.164138,8.45729000e-04,3.89046422e-01,TS
2,769.478474,0.164138,7.51378757e-04,3.88221608e-01,TS
2,865.627167,0.164138,5.34364872e-04,3.87533603e-01,TS
2,973.789933,0.164138,2.39881443e-04,3.87011069e-01,TS
2,1095.467968,0.164138,-7.53416241e-05,3.86663020e-01,TS
2,1232.350046,0.164138,-3.54405862e-04,3.86473285e-01,TS
2,1386.335959,0.164138,-5.54128412e-04,3.86403255e-01,TS
2,1559.562883,0.164138,-6.54459857e-04,3.86403095e-01,TS
2,1754.435043,0.164138,-6.58759247e-04,3.86425610e-01,TS
2,1973.657075,0.164138,-5.86632159e-04,3.86435944e-01,TS
2,2220.271572,0.164138,-4.64665288e-04,3.86414669e-01,TS
2,2497.701306,0.164138,-3.19030901e-04,3.86356067e-01,TS
2,2809.796735,0.164138,-1.71038094e-04,3.86264336e-01,TS
2,3160.889444,0.164138,-3.51218597e-05,3.86149458e-01,TS
2,3555.852262,0.164138,8.14347056e-05,3.86023442e-01,TS
2,4000.166894,0.164138,1.77487590e-04,3.85897257e-01,TS
2,4500.000000,0.164138,2.56067375e-04,3.85778737e-01,TS
2,300.000000,0.171724,-2.83544008e-03,4.04634260e-01,TS
2,337.485919,0.171724,-2.06556029e-03,4.03772223e-01,TS
2,379.655818,0.171724,-1.40599397e-03,4.02874232e-01,TS
2,427.094976,0.171724,-8.72815195e-04,4.01951586e-01,TS
2,480.461801,0.171724,-4.80532348e-04,4.01023620e-01,TS
2,540.496975,0.171724,-2.38597444e-04,4.00117884e-01,TS
2,608.033727,0.171724,-1.47314655e-04,3.99268762e-01,TS
2,684.009404,0.171724,-1.93848196e-04,3.98513880e-01,TS
2,769.478474,0.171724,-3.49660276e-04,3.97887911e-01,TS
2,865.627167,0.171724,-5.71375041e-04,3.97414322e-01,TS
2,973.789933,0.171724,-8.06916693e-04,3.97097417e-01,TS
2,1095.467968,0.171724,-1.00658318e-03,3.96918850e-01,TS
2,1232.350046,0.171724,-1.13491098e-03,3.96841866e-01,TS
2,1386.335959,0.171724,-1.17738058e-03,3.96822055e-01,TS
2,1559.562883,0.171724,-1.13917655e-03,3.96819011e-01,TS
2,1754.435043,0.171724,-1.03842390e-03,3.96803740e-01,TS
2,1973.657075,0.171724,-8.98377800e-04,3.96760588e-01,TS
2,2220.271572,0.171724,-7.41435253e-04,3.96685499e-01,TS
2,2497.701306,0.171724,-5.85573180e-04,3.96582734e-01,TS
2,2809.796735,0.171724,-4.42742339e-04,3.96461351e-01,TS
2,3160.889444,0.171724,-3.18688567e-04,3.96331974e-01,TS
2,3555.852262,0.171724,-2.13886561e-04,3.96204143e-01,TS
2,4000.166894,0.171724,-1.25308670e-04,3.96084530e-01,TS
2,4500.000000,0.171724,-4.85692064e-05,3.95976304e-01,TS
2,300.000000,0.179310,-3.10460252e-03,4.12602914e-01,TS
2,337.485919,0.179310,-2.43612037e-03,4.11761540e-01,TS
2,379.655818,0.179310,-1.88571638e-03,4.10899921e-01,TS
2,427.094976,0.179310,-1.46641350e-03,4.10035027e-01,TS
2,480.461801,0.179310,-1.18671651e-03,4.09191588e-01,TS
2,540.496975,0.179310,-1.04667072e-03,4.08400767e-01,TS
2,608.033727,0.179310,-1.03409531e-03,4.07696652e-01,TS
2,684.009404,0.179310,-1.12237460e-03,4.07110286e-01,TS
2,769.478474,0.179310,-1.27167933e-03,4.06662003e-01,TS
2,865.627167,0.179310,-1.43504843e-03,4.06354507e-01,TS
2,973.789933,0.179310,-1.56852504e-03,4.06170407e-01,TS
2,1095.467968,0.179310,-1.64134570e-03,4.06076614e-01,TS
2,1232.350046,0.179310,-1.64121805e-03,4.06033960e-01,TS
2,1386.335959,0.179310,-1.57281999e-03,4.06007125e-01,TS
2,1559.562883,0.179310,-1.45186432e-03,4.05970762e-01,TS
2,1754.435043,0.179310,-1.29844842e-03,4.05911063e-01,TS
2,1973.657075,0.179310,-1.13196673e-03,4.05824288e-01,TS
2,2220.271572,0.179310,-9.68042107e-04,4.05714001e-01,TS
2,2497.701306,0.179310,-8.17094048e-04,4.05588069e-01,TS
2,2809.796735,0.179310,-6.84129076e-04,4.05455835e-01,TS
2,3160.889444,0.179310,-5.69512017e-04,4.05325762e-01,TS
2,3555.852262,0.179310,-4.70493475e-04,4.05203828e-01,TS
2,4000.166894,0.179310,-3.83095214e-04,4.05092920e-01,TS
2,4500.000000,0.179310,-3.03789494e-04,4.04993250e-01,TS
2,300.000000,0.186897,-3.43153718e-03,4.19722158e-01,TS
2,337.485919,0.186897,-2.85363963e-03,4.18914878e-01,TS
2,379.655818,0.186897,-2.39705035e-03,4.18105011e-01,TS
2,427.094976,0.186897,-2.06974699e-03,4.17313923e-01,TS
2,480.461801,0.186897,-1.87233416e-03,4.16569158e-01,TS
2,540.496975,0.186897,-1.79446330e-03,4.15901300e-01,TS
2,608.033727,0.186897,-1.81271513e-03,4.15338509e-01,TS
2,684.009404,0.186897,-1.89166694e-03,4.14899553e-01,TS
2,769.478474,0.186897,-1.98934461e-03,4.14587580e-01,TS
2,865.627167,0.186897,-2.06620614e-03,4.14387920e-01,TS
2,973.789933,0.186897,-2.09410382e-03,4.14271878e-01,TS
2,1095.467968,0.186897,-2.06099078e-03,4.14205047e-01,TS
2,1232.350046,0.186897,-1.96980503e-03,4.14155941e-01,TS
2,1386.335959,0.186897,-1.83347814e-03,4.14101468e-01,TS
2,1559.562883,0.186897,-1.66919966e-03,4.14028524e-01,TS
2,1754.435043,0.186897,-1.49391937e-03,4.13932919e-01,TS
2,1973.657075,0.186897,-1.32154709e-03,4.13817113e-01,TS
2,2220.271572,0.186897,-1.16156747e-03,4.13687649e-01,TS
2,2497.701306,0.186897,-1.01872959e-03,4.13552679e-01,TS
2,2809.796735,0.186897,-8.93613915e-04,4.13419822e-01,TS
2,3160.889444,0.186897,-7.83899823e-04,4.13294648e-01,TS
2,3555.852262,0.186897,-6.86006606e-04,4.13180025e-01,TS
2,4000.166894,0.186897,-5.96619085e-04,4.13076387e-01,TS
2,4500.000000,0.186897,-5.13640705e-04,4.12982620e-01,TS
2,300.000000,0.194483,-3.78503161e-03,4.26106782e-01,TS
2,337.485919,0.194483,-3.28457201e-03,4.25344440e-01,TS
2,379.655818,0.194483,-2.90374255e-03,4.24597401e-01,TS
2,427.094976,0.194483,-2.64410729e-03,4.23889386e-01,TS
2,480.461801,0.194483,-2.49777542e-03,4.23247512e-01,TS
2,540.496975,0.194483,-2.44519592e-03,4.22697538e-01,TS
2,608.033727,0.194483,-2.45574063e-03,4.22257608e-01,TS
2,684.009404,0.194483,-2.49220022e-03,4.21932482e-01,TS
2,769.478474,0.194483,-2.51855034e-03,4.21711128e-01,TS
2,865.627167,0.194483,-2.50800249e-03,4.21569530e-01,TS
2,973.789933,0.194483,-2.44763138e-03,4.21477651e-01,TS
2,1095.467968,0.194483,-2.33797375e-03,4.21407057e-01,TS
2,1232.350046,0.194483,-2.18901619e-03,4.21336093e-01,TS
2,1386.335959,0.194483,-2.01522372e-03,4.21251706e-01,TS
2,1559.562883,0.194483,-1.83145200e-03,4.21148831e-01,TS
2,1754.435043,0.194483,-1.65028561e-03,4.21028594e-01,TS
2,1973.657075,0.194483,-1.48062627e-03,4.20896137e-01,TS
2,2220.271572,0.194483,-1.32724565e-03,4.20758452e-01,TS
2,2497.701306,0.194483,-1.19113092e-03,4.20622430e-01,TS
2,2809.796735,0.194483,-1.07048698e-03,4.20493388e-01,TS
2,3160.889444,0.194483,-9.62140872e-04,4.20374321e-01,TS
2,3555.852262,0.194483,-8.62936123e-04,4.20265983e-01,TS
2,4000.166894,0.194483,-7.70692529e-04,4.20167598e-01,TS
2,4500.000000,0.194483,-6.84513353e-04,4.20077768e-01,TS
2,300.000000,0.202069,-4.14175975e-03,4.31852668e-01,TS
2,337.485919,0.202069,-3.70415749e-03,4.31142866e-01,TS
2,379.655818,0.202069,-3.37989838e-03,4.30464771e-01,TS
2,427.094976,0.202069,-3.16371328e-03,4.29842025e-01,TS
2,480.461801,0.202069,-3.04014634e-03,4.29298151e-01,TS
2,540.496975,0.202069,-2.98349138e-03,4.28851057e-01,TS
2,608.033727,0.202069,-2.96116438e-03,4.28507612e-01,TS
2,684.009404,0.202069,-2.94021174e-03,4.28260819e-01,TS
2,769.478474,0.202069,-2.89458981e-03,4.28091446e-01,TS
2,865.627167,0.202069,-2.80993750e-03,4.27973612e-01,TS
2,973.789933,0.202069,-2.68404939e-03,4.27881546e-01,TS
2,1095.467968,0.202069,-2.52387207e-03,4.27794611e-01,TS
2,1232.350046,0.202069,-2.34123300e-03,4.27699472e-01,TS
2,1386.335959,0.202069,-2.14907320e-03,4.27589974e-01,TS
2,1559.562883,0.202069,-1.95885228e-03,4.27465786e-01,TS
2,1754.435043,0.202069,-1.77906908e-03,4.27330591e-01,TS
2,1973.657075,0.202069,-1.61466194e-03,4.27190206e-01,TS
2,2220.271572,0.202069,-1.46713080e-03,4.27050812e-01,TS
2,2497.701306,0.202069,-1.33527599e-03,4.26917520e-01,TS
2,2809.796735,0.202069,-1.21636706e-03,4.26793517e-01,TS
2,3160.889444,0.202069,-1.10740700e-03,4.26679938e-01,TS
2,3555.852262,0.202069,-1.00610317e-03,4.26576378e-01,TS
2,4000.166894,0.202069,-9.11293142e-04,4.26481685e-01,TS
2,4500.000000,0.202069,-8.22837170e-04,4.26394654e-01,TS
2,300.000000,0.209655,-4.48493729e-03,4.37039836e-01,TS
2,337.485919,0.209655,-4.09521236e-03,4.36386659e-01,TS
2,379.655818,0.209655,-3.80885090e-03,4.35778698e-01,TS
2,427.094976,0.209655,-3.61437553e-03,4.35237162e-01,TS
2,480.461801,0.209655,-3.49094566e-03,4.34779677e-01,TS
2,540.496975,0.209655,-3.41055294e-03,4.34415224e-01,TS
2,608.033727,0.209655,-3.34322699e-03,4.34140866e-01,TS
2,684.009404,0.209655,-3.26353487e-03,4.33942157e-01,TS
2,769.478474,0.209655,-3.15552646e-03,4.33797329e-01,TS
2,865.627167,0.209655,-3.01412747e-03,4.33683170e-01,TS
2,973.789933,0.209655,-2.84318000e-03,4.33579932e-01,TS
2,1095.467968,0.209655,-2.65187665e-03,4.33473891e-01,TS
2,1232.350046,0.209655,-2.45129087e-03,4.33357725e-01,TS
2,1386.335959,0.209655,-2.25181823e-03,4.33229601e-01,TS
2,1559.562883,0.209655,-2.06160942e-03,4.33091704e-01,TS
2,1754.435043,0.209655,-1.88581460e-03,4.32948630e-01,TS
2,1973.657075,0.209655,-1.72648991e-03,4.32805798e-01,TS
2,2220.271572,0.209655,-1.58308017e-03,4.32668078e-01,TS
2,2497.701306,0.209655,-1.45334949e-03,4.32538841e-01,TS
2,2809.796735,0.209655,-1.33450240e-03,4.32419633e-01,TS
2,3160.889444,0.209655,-1.22415097e-03,4.32310454e-01,TS
2,3555.852262,0.209655,-1.12085255e-03,4.32210424e-01,TS
2,4000.166894,0.209655,-1.02415393e-03,4.32118453e-01,TS
2,4500.000000,0.209655,-8.13043833e-04,1.17702706e-01,TS
2,300.000000,0.217241,-4.80321278e-03,4.41735212e-01,TS
2,337.485919,0.217241,-4.44700841e-03,4.41139362e-01,TS
2,379.655818,0.217241,-4.18183033e-03,4.40598450e-01,TS
2,427.094976,0.217241,-3.99147047e-03,4.40129470e-01,TS
2,480.461801,0.217241,-3.85246741e-03,4.39743150e-01,TS
2,540.496975,0.217241,-3.73797900e-03,4.39440341e-01,TS
2,608.033727,0.217241,-3.62339597e-03,4.39211281e-01,TS
2,684.009404,0.217241,-3.49133984e-03,4.39038360e-01,TS
2,769.478474,0.217241,-3.33392106e-03,4.38901028e-01,TS
2,865.627167,0.217241,-3.15185060e-03,4.38780520e-01,TS
2,973.789933,0.217241,-2.95163268e-03,4.38662776e-01,TS
2,1095.467968,0.217241,-2.74242348e-03,4.38539342e-01,TS
2,1232.350046,0.217241,-2.53351188e-03,4.38406896e-01,TS
2,1386.335959,0.217241,-2.33266075e-03,4.38266114e-01,TS
2,1559.562883,0.217241,-2.14519981e-03,4.38120315e-01,TS
2,1754.435043,0.217241,-1.97373101e-03,4.37974067e-01,TS
2,1973.657075,0.217241,-1.81836816e-03,4.37831897e-01,TS
2,2220.271572,0.217241,-1.67742745e-03,4.37697297e-01,TS
2,2497.701306,0.217241,-1.37417007e-03,1.37266944e-01,TS
2,2809.796735,0.217241,-1.04883803e-03,1.37080655e-01,TS
2,3160.889444,0.217241,-7.25518352e-04,1.36889929e-01,TS
2,3555.852262,0.217241,-4.04697132e-04,1.36690630e-01,TS
2,4000.166894,0.217241,-8.76137796e-05,1.36477981e-01,TS
2,4500.000000,0.217241,2.23539993e-04,1.36246668e-01,TS
2,300.000000,0.224828,-5.08969781e-03,4.45995085e-01,TS
2,337.485919,0.224828,-4.75414196e-03,4.45454357e-01,TS
2,379.655818,0.224828,-4.49638450e-03,4.44974240e-01,TS
2,427.094976,0.224828,-4.29741239e-03,4.44566580e-01,TS
2,480.461801,0.224828,-4.13375292e-03,4.44235485e-01,TS
2,540.496975,0.224828,-3.98206002e-03,4.43975626e-01,TS
2,608.033727,0.224828,-3.82394014e-03,4.43773603e-01,TS
2,684.009404,0.224828,-3.64892057e-03,4.43611759e-01,TS
2,769.478474,0.224828,-3.45462129e-03,4.43472564e-01,TS
2,865.627167,0.224828,-3.24478399e-03,4.43341817e-01,TS
2,973.789933,0.224828,-3.02653382e-03,4.43210051e-01,TS
2,1095.467968,0.224828,-2.80793516e-03,4.43072529e-01,TS
2,1232.350046,0.224828,-2.59625138e-03,4.42928434e-01,TS
2,1386.335959,0.224828,-2.32365856e-03,1.55739103e-01,TS
2,1559.562883,0.224828,-1.95949531e-03,1.55532916e-01,TS
2,1754.435043,0.224828,-1.59935061e-03,1.55327361e-01,TS
2,1973.657075,0.224828,-1.24217317e-03,1.55119608e-01,TS
2,2220.271572,0.224828,-8.87591392e-04,1.54906309e-01,TS
2,2497.701306,0.224828,-5.36082451e-04,1.54683545e-01,TS
2,2809.796735,0.224828,-1.89184081e-04,1.54446833e-01,TS
2,3160.889444,0.224828,1.50255781e-04,1.54191223e-01,TS
2,3555.852262,0.224828,4.77813318e-04,1.53911550e-01,TS
2,4000.166894,0.224828,7.87251938e-04,1.53602877e-01,TS
2,4500.000000,0.224828,1.07038771e-03,1.53261156e-01,TS
2,300.000000,0.232414,-5.34107580e-03,4.49867207e-01,TS
2,337.485919,0.232414,-5.01536908e-03,4.49377206e-01,TS
2,379.655818,0.232414,-4.75465806e-03,4.48949748e-01,TS
2,427.094976,0.232414,-4.53904623e-03,4.48591456e-01,TS
2,480.461801,0.232414,-4.34699497e-03,4.48300988e-01,TS
2,540.496975,0.232414,-4.15970084e-03,4.48069121e-01,TS
2,608.033727,0.232414,-3.96452234e-03,4.47881365e-01,TS
2,684.009404,0.232414,-3.75613307e-03,4.47721794e-01,TS
2,769.478474,0.232414,-3.53545823e-03,4.47576370e-01,TS
2,865.627167,0.232414,-3.23526639e-03,1.72968965e-01,TS
2,973.789933,0.232414,-2.82624494e-03,1.72743914e-01,TS
2,1095.467968,0.232414,-2.42712215e-03,1.72522352e-01,TS
2,1232.350046,0.232414,-2.03564867e-03,1.72301686e-01,TS
2,1386.335959,0.232414,-1.65006462e-03,1.72079014e-01,TS
2,1559.562883,0.232414,-1.26927026e-03,1.71851052e-01,TS
2,1754.435043,0.232414,-8.93033523e-04,1.71614083e-01,TS
2,1973.657075,0.232414,-5.22237047e-04,1.71363941e-01,TS
2,2220.271572,0.232414,-1.59163966e-04,1.71096087e-01,TS
2,2497.701306,0.232414,1.92193543e-04,1.70805823e-01,TS
2,2809.796735,0.232414,5.25847244e-04,1.70488685e-01,TS
2,3160.889444,0.232414,8.33627948e-04,1.70141065e-01,TS
2,3555.852262,0.232414,1.10521840e-03,1.69761072e-01,TS
2,4000.166894,0.232414,1.32854022e-03,1.69349578e-01,TS
2,4500.000000,0.232414,1.49062497e-03,1.68911342e-01,TS
2,300.000000,0.240000,-7.28653639e-03,1.90666993e-01,TS
2,337.485919,0.240000,-6.65612337e-03,1.90349842e-01,TS
2,379.655818,0.240000,-6.06512205e-03,1.90049085e-01,TS
2,427.094976,0.240000,-5.50873017e-03,1.89763339e-01,TS
2,480.461801,0.240000,-4.98255083e-03,1.89491114e-01,TS
2,540.496975,0.240000,-4.48255211e-03,1.89230777e-01,TS
2,608.033727,0.240000,-4.00503343e-03,1.88980499e-01,TS
2,684.009404,0.240000,-3.54660041e-03,1.88738224e-01,TS
2,769.478474,0.240000,-3.10415558e-03,1.88501622e-01,TS
2,865.627167,0.240000,-2.67491799e-03,1.88268069e-01,TS
2,973.789933,0.240000,-2.25648768e-03,1.88034618e-01,TS
2,1095.467968,0.240000,-1.84696788e-03,1.87797985e-01,TS
2,1232.350046,0.240000,-1.44515126e-03,1.87554531e-01,TS
2,1386.335959,0.240000,-1.05076821e-03,1.87300261e-01,TS
2,1559.562883,0.240000,-6.64788291e-04,1.87030863e-01,TS
2,1754.435043,0.240000,-2.89757608e-04,1.86741853e-01,TS
2,1973.657075,0.240000,6.98602595e-05,1.86428865e-01,TS
2,2220.271572,0.240000,4.07399995e-04,1.86088151e-01,TS
2,2497.701306,0.240000,7.13866644e-04,1.85717327e-01,TS
2,2809.796735,0.240000,9.78104164e-04,1.85316349e-01,TS
2,3160.889444,0.240000,1.18742171e-03,1.84888620e-01,TS
2,3555.852262,0.240000,1.32882226e-03,1.84442083e-01,TS
2,4000.166894,0.240000,1.39091810e-03,1.83989994e-01,TS
2,4500.000000,0.240000,1.36651734e-03,1.83551030e-01,TS
3,300.000000,0.020000,nan,nan,
3,337.485919,0.020000,nan,nan,
3,379.655818,0.020000,nan,nan,
3,427.094976,0.020000,nan,nan,
3,480.461801,0.020000,nan,nan,
3,540.496975,0.020000,nan,nan,
3,608.033727,0.020000,nan,nan,
3,684.009404,0.020000,nan,nan,
3,769.478474,0.020000,nan,nan,
3,865.627167,0.020000,nan,nan,
3,973.789933,0.020000,nan,nan,
3,1095.467968,0.020000,nan,nan,
3,1232.350046,0.020000,nan,nan,
3,1386.335959,0.020000,nan,nan,
3,1559.562883,0.020000,nan,nan,
3,1754.435043,0.020000,nan,nan,
3,1973.657075,0.020000,nan,nan,
3,2220.271572,0.020000,nan,nan,
3,2497.701306,0.020000,nan,nan,
3,2809.796735,0.020000,nan,nan,
3,3160.889444,0.020000,nan,nan,
3,3555.852262,0.020000,nan,nan,
3,4000.166894,0.020000,nan,nan,
3,4500.000000,0.020000,-4.93443889e-02,5.88424225e-02,TS
3,300.000000,0.027586,-2.78349126e-02,-3.73310025e-01,TS
3,337.485919,0.027586,-2.75884967e-02,-3.75952180e-01,TS
3,379.655818,0.027586,-2.72160229e-02,-3.78500213e-01,TS
3,427.094976,0.027586,-2.67402044e-02,-3.80947736e-01,TS
3,480.461801,0.027586,-2.61809613e-02,-3.83291815e-01,TS
3,540.496975,0.027586,-2.55554962e-02,-3.85531934e-01,TS
3,608.033727,0.027586,-2.48785175e-02,-3.87669211e-01,TS
3,684.009404,0.027586,-2.41625242e-02,-3.89705847e-01,TS
3,769.478474,0.027586,-2.34180975e-02,-3.91644722e-01,TS
3,865.627167,0.027586,-2.26541764e-02,-3.93489128e-01,TS
3,973.789933,0.027586,-2.18783049e-02,-3.95242586e-01,TS
3,1095.467968,0.027586,-2.10968463e-02,-3.96908728e-01,TS
3,1232.350046,0.027586,-2.03151586e-02,-3.98491231e-01,TS
3,1386.335959,0.027586,-1.95377291e-02,-3.99993780e-01,TS
3,1559.562883,0.027586,-1.87682681e-02,-4.01420042e-01,TS
3,1754.435043,0.027586,-1.80097746e-02,-4.02773621e-01,TS
3,1973.657075,0.027586,-1.72645936e-02,-4.04058004e-01,TS
3,2220.271572,0.027586,-1.65344913e-02,-4.05276481e-01,TS
3,2497.701306,0.027586,-1.58207625e-02,-4.06432069e-01,TS
3,2809.796735,0.027586,-1.51243704e-02,-4.07527466e-01,TS
3,3160.889444,0.027586,-1.44460987e-02,-4.08565059e-01,TS
3,3555.852262,0.027586,-1.37866867e-02,-4.09546984e-01,TS
3,4000.166894,0.027586,-1.31469217e-02,-4.10475225e-01,TS
3,4500.000000,0.027586,-1.25276745e-02,-4.11351736e-01,TS
3,300.000000,0.035172,nan,nan,
3,337.485919,0.035172,-4.94255947e-02,-1.64909105e-01,TS
3,379.655818,0.035172,-4.82412818e-02,-1.69217649e-01,TS
3,427.094976,0.035172,-4.69507218e-02,-1.73305243e-01,TS
3,480.461801,0.035172,-4.55845456e-02,-1.77181255e-01,TS
3,540.496975,0.035172,-4.41671707e-02,-1.80856288e-01,TS
3,608.033727,0.035172,-4.27180112e-02,-1.84341248e-01,TS
3,684.009404,0.035172,-4.12524975e-02,-1.87646800e-01,TS
3,769.478474,0.035172,-3.80216033e-02,2.08565679e-01,TS
3,865.627167,0.035172,-3.48737489e-02,2.06999623e-01,TS
3,973.789933,0.035172,-3.19430128e-02,2.05483644e-01,TS
3,1095.467968,0.035172,-2.91972244e-02,2.04015846e-01,TS
3,1232.350046,0.035172,-2.66084396e-02,2.02593998e-01,TS
3,1386.335959,0.035172,-2.41522839e-02,2.01215219e-01,TS
3,1559.562883,0.035172,-2.18074503e-02,1.99875764e-01,TS
3,1754.435043,0.035172,-1.95553397e-02,1.98570883e-01,TS
3,1973.657075,0.035172,-1.73798354e-02,1.97294743e-01,TS
3,2220.271572,0.035172,-1.52671998e-02,1.96040416e-01,TS
3,2497.701306,0.035172,-1.32060788e-02,1.94799928e-01,TS
3,2809.796735,0.035172,-1.11875844e-02,1.93564384e-01,TS
3,3160.889444,0.035172,-9.20541892e-03,1.92324173e-01,TS
3,3555.852262,0.035172,-7.25598995e-03,1.91069257e-01,TS
3,4000.166894,0.035172,-5.33846610e-03,1.89789549e-01,TS
3,4500.000000,0.035172,-3.45472958e-03,1.88475357e-01,TS
3,300.000000,0.042759,-3.68055836e-02,2.91649697e-01,TS
3,337.485919,0.042759,-3.21834211e-02,2.91276896e-01,TS
3,379.655818,0.042759,-2.80216385e-02,2.90875989e-01,TS
3,427.094976,0.042759,-2.42413449e-02,2.90438095e-01,TS
3,480.461801,0.042759,-2.07763217e-02,2.89957420e-01,TS
3,540.496975,0.042759,-1.75711658e-02,2.89429617e-01,TS
3,608.033727,0.042759,-1.45798420e-02,2.88850661e-01,TS
3,684.009404,0.042759,-1.17645541e-02,2.88216126e-01,TS
3,769.478474,0.042759,-9.09486707e-03,2.87520812e-01,TS
3,865.627167,0.042759,-6.54701583e-03,2.86758632e-01,TS
3,973.789933,0.042759,-4.10334008e-03,2.85922749e-01,TS
3,1095.467968,0.042759,-1.75178909e-03,2.85005882e-01,TS
3,1232.350046,0.042759,5.14552020e-04,2.84000739e-01,TS
3,1386.335959,0.042759,2.69795080e-03,2.82900534e-01,TS
3,1559.562883,0.042759,4.79655385e-03,2.81699526e-01,TS
3,1754.435043,0.042759,6.80496443e-03,2.80393564e-01,TS
3,1973.657075,0.042759,8.71487567e-03,2.78980579e-01,TS
3,2220.271572,0.042759,1.05157554e-02,2.77460991e-01,TS
3,2497.701306,0.042759,1.21955651e-02,2.75837992e-01,TS
3,2809.796735,0.042759,1.37414807e-02,2.74117668e-01,TS
3,3160.889444,0.042759,1.51405708e-02,2.72308949e-01,TS
3,3555.852262,0.042759,1.63803886e-02,2.70423415e-01,TS
3,4000.166894,0.042759,1.74494414e-02,2.68474999e-01,TS
3,4500.000000,0.042759,1.83375238e-02,2.66479659e-01,TS
3,300.000000,0.050345,-1.37099817e-02,3.61299831e-01,TS
3,337.485919,0.050345,-1.03909529e-02,3.61138847e-01,TS
3,379.655818,0.050345,-7.32219006e-03,3.60883716e-01,TS
3,427.094976,0.050345,-4.46509826e-03,3.60525369e-01,TS
3,480.461801,0.050345,-1.78954055e-03,3.60055793e-01,TS
3,540.496975,0.050345,7.26935755e-04,3.59467946e-01,TS
3,608.033727,0.050345,3.09981290e-03,3.58755811e-01,TS
3,684.009404,0.050345,5.33828046e-03,3.57914576e-01,TS
3,769.478474,0.050345,7.44589272e-03,3.56940917e-01,TS
3,865.627167,0.050345,9.42123164e-03,3.55833386e-01,TS
3,973.789933,0.050345,1.12586133e-02,3.54592867e-01,TS
3,1095.467968,0.050345,1.29488764e-02,3.53223073e-01,TS
3,1232.350046,0.050345,1.44802714e-02,3.51730999e-01,TS
3,1386.335959,0.050345,1.58394298e-02,3.50127267e-01,TS
3,1559.562883,0.050345,1.70123628e-02,3.48426314e-01,TS
3,1754.435043,0.050345,1.79854196e-02,3.46646439e-01,TS
3,1973.657075,0.050345,1.87461550e-02,3.44809725e-01,TS
3,2220.271572,0.050345,1.92840954e-02,3.42941921e-01,TS
3,2497.701306,0.050345,1.95914516e-02,3.41072362e-01,TS
3,2809.796735,0.050345,1.96638921e-02,3.39233957e-01,TS
3,3160.889444,0.050345,1.95015550e-02,3.37463257e-01,TS
3,3555.852262,0.050345,1.91105394e-02,3.35800485e-01,TS
3,4000.166894,0.050345,1.85051447e-02,3.34289224e-01,TS
3,4500.000000,0.050345,1.77110536e-02,3.32975155e-01,TS
3,300.000000,0.057931,-1.98077691e-03,4.18034246e-01,TS
3,337.485919,0.057931,6.10009365e-04,4.17575793e-01,TS
3,379.655818,0.057931,3.01232513e-03,4.16998899e-01,TS
3,427.094976,0.057931,5.23941920e-03,4.16295689e-01,TS
3,480.461801,0.057931,7.29863621e-03,4.15460863e-01,TS
3,540.496975,0.057931,9.19184278e-03,4.14491956e-01,TS
3,608.033727,0.057931,1.09159669e-02,4.13389770e-01,TS
3,684.009404,0.057931,1.24637260e-02,4.12158930e-01,TS
3,769.478474,0.057931,1.38245900e-02,4.10808461e-01,TS
3,865.627167,0.057931,1.49859657e-02,4.09352288e-01,TS
3,973.789933,0.057931,1.59345442e-02,4.07809559e-01,TS
3,1095.467968,0.057931,1.66577350e-02,4.06204784e-01,TS
3,1232.350046,0.057931,1.71451445e-02,4.04567782e-01,TS
3,1386.335959,0.057931,1.73901137e-02,4.02933490e-01,TS
3,1559.562883,0.057931,1.73914150e-02,4.01341626e-01,TS
3,1754.435043,0.057931,1.71552636e-02,3.99836088e-01,TS
3,1973.657075,0.057931,1.66977973e-02,3.98463785e-01,TS
3,2220.271572,0.057931,1.60480111e-02,3.97272273e-01,TS
3,2497.701306,0.057931,1.52506496e-02,3.96305338e-01,TS
3,2809.796735,0.057931,1.43675956e-02,3.95595709e-01,TS
3,3160.889444,0.057931,1.34750802e-02,3.95155236e-01,TS
3,3555.852262,0.057931,1.26538554e-02,3.94965613e-01,TS
3,4000.166894,0.057931,1.19725308e-02,3.94975806e-01,TS
3,4500.000000,0.057931,1.14704663e-02,3.95111432e-01,TS
3,300.000000,0.065517,-3.30118293e-02,-2.41235160e-01,TS
3,337.485919,0.065517,-3.20056655e-02,-2.43823060e-01,TS
3,379.655818,0.065517,-3.09764678e-02,-2.46295433e-01,TS
3,427.094976,0.065517,-2.99336675e-02,-2.48654995e-01,TS
3,480.461801,0.065517,-2.88851876e-02,-2.50905050e-01,TS
3,540.496975,0.065517,-2.78376402e-02,-2.53049262e-01,TS
3,608.033727,0.065517,-2.67965009e-02,-2.55091482e-01,TS
3,684.009404,0.065517,-2.57662675e-02,-2.57035617e-01,TS
3,769.478474,0.065517,-2.47506132e-02,-2.58885527e-01,TS
3,865.627167,0.065517,-2.37525384e-02,-2.60644952e-01,TS
3,973.789933,0.065517,-2.27745200e-02,-2.62317477e-01,TS
3,1095.467968,0.065517,1.42434357e-02,4.48912774e-01,TS
3,1232.350046,0.065517,1.38750966e-02,4.47741040e-01,TS
3,1386.335959,0.065517,1.33271630e-02,4.46743311e-01,TS
3,1559.562883,0.065517,1.26493013e-02,4.45958658e-01,TS
3,1754.435043,0.065517,1.19060415e-02,4.45411352e-01,TS
3,1973.657075,0.065517,1.11710494e-02,4.45102447e-01,TS
3,2220.271572,0.065517,1.05155708e-02,4.45004483e-01,TS
3,2497.701306,0.065517,9.99363613e-03,4.45063934e-01,TS
3,2809.796735,0.065517,9.63052655e-03,4.45212933e-01,TS
3,3160.889444,0.065517,9.42059667e-03,4.45385791e-01,TS
3,3555.852262,0.065517,9.33487862e-03,4.45532615e-01,TS
3,4000.166894,0.065517,9.33339743e-03,4.45625250e-01,TS
3,4500.000000,0.065517,9.37648091e-03,4.45655921e-01,TS
3,300.000000,0.073103,-3.97960924e-02,8.36593943e-02,TS
3,337.485919,0.073103,-3.70102634e-02,8.20119777e-02,TS
3,379.655818,0.073103,-3.44753759e-02,8.04465470e-02,TS
3,427.094976,0.073103,-3.21624194e-02,7.89555541e-02,TS
3,480.461801,0.073103,-3.00464803e-02,7.75332507e-02,TS
3,540.496975,0.073103,-2.81060844e-02,7.61751147e-02,TS
3,608.033727,0.073103,-2.63226488e-02,7.48774577e-02,TS
3,684.009404,0.073103,-2.46800261e-02,7.36371508e-02,TS
3,769.478474,0.073103,-2.31641183e-02,7.24514326e-02,TS
3,865.627167,0.073103,-2.17625423e-02,7.13177819e-02,TS
3,973.789933,0.073103,-2.04643407e-02,7.02338459e-02,TS
3,1095.467968,0.073103,-1.92597404e-02,6.91974198e-02,TS
3,1232.350046,0.073103,-1.81399673e-02,6.82064644e-02,TS
3,1386.335959,0.073103,-1.70971232e-02,6.72591402e-02,TS
3,1559.562883,0.073103,-1.61241194e-02,6.63538332e-02,TS
3,1754.435043,0.073103,-1.52146481e-02,6.54891505e-02,TS
3,1973.657075,0.073103,-1.43631665e-02,6.46638799e-02,TS
3,2220.271572,0.073103,-1.35648701e-02,6.38769180e-02,TS
3,2497.701306,0.073103,-1.28156404e-02,6.31271847e-02,TS
3,2809.796735,0.073103,-1.21119652e-02,6.24135430e-02,TS
3,3160.889444,0.073103,-1.14508385e-02,6.17347366e-02,TS
3,3555.852262,0.073103,-1.08296503e-02,6.10893532e-02,TS
3,4000.166894,0.073103,-1.02460786e-02,6.04758139e-02,TS
3,4500.000000,0.073103,-9.69798907e-03,5.98923848e-02,TS
3,300.000000,0.080690,-1.69175443e-02,-4.72837082e-01,TS
3,337.485919,0.080690,-1.60413394e-02,-4.73830415e-01,TS
3,379.655818,0.080690,-1.52109871e-02,-4.74777326e-01,TS
3,427.094976,0.080690,-1.44237723e-02,-4.75679329e-01,TS
3,480.461801,0.080690,-1.36771761e-02,-4.76538048e-01,TS
3,540.496975,0.080690,-1.29688147e-02,-4.77355178e-01,TS
3,608.033727,0.080690,-1.22963844e-02,-4.78132429e-01,TS
3,684.009404,0.080690,-1.16576328e-02,-4.78871442e-01,TS
3,769.478474,0.080690,-1.10503737e-02,-4.79573710e-01,TS
3,865.627167,0.080690,-1.04725464e-02,-4.80240509e-01,TS
3,973.789933,0.080690,-9.92230610e-03,-4.80872886e-01,TS
3,1095.467968,0.080690,-9.39811463e-03,-4.81471700e-01,TS
3,1232.350046,0.080690,-8.89880072e-03,-4.82037710e-01,TS
3,1386.335959,0.080690,-8.42357047e-03,-4.82571691e-01,TS
3,1559.562883,0.080690,-7.97196522e-03,-4.83074546e-01,TS
3,1754.435043,0.080690,-7.54377947e-03,-4.83547388e-01,TS
3,1973.657075,0.080690,-7.13895827e-03,-4.83991590e-01,TS
3,2220.271572,0.080690,-6.75749185e-03,-4.84408789e-01,TS
3,2497.701306,0.080690,-6.39931977e-03,-4.84800872e-01,TS
3,2809.796735,0.080690,-6.01019178e-03,1.21483678e-01,TS
3,3160.889444,0.080690,-5.46592452e-03,1.21119253e-01,TS
3,3555.852262,0.080690,-4.93789069e-03,1.20774158e-01,TS
3,4000.166894,0.080690,-4.42362648e-03,1.20446376e-01,TS
3,4500.000000,0.080690,-3.92072596e-03,1.20133481e-01,TS
3,300.000000,0.088276,-1.62816596e-02,1.83404125e-01,TS
3,337.485919,0.088276,-1.49150333e-02,1.82936544e-01,TS
3,379.655818,0.088276,-1.36654832e-02,1.82475420e-01,TS
3,427.094976,0.088276,-1.25175019e-02,1.82023470e-01,TS
3,480.461801,0.088276,-1.14577153e-02,1.81582843e-01,TS
3,540.496975,0.088276,-1.04744996e-02,1.81155158e-01,TS
3,608.033727,0.088276,-9.55767103e-03,1.80741533e-01,TS
3,684.009404,0.088276,-8.69822941e-03,1.80342612e-01,TS
3,769.478474,0.088276,-7.88814020e-03,1.79958587e-01,TS
3,865.627167,0.088276,-7.12014929e-03,1.79589224e-01,TS
3,973.789933,0.088276,-6.38763175e-03,1.79233888e-01,TS
3,1095.467968,0.088276,-5.68448234e-03,1.78891581e-01,TS
3,1232.350046,0.088276,-5.00505502e-03,1.78560966e-01,TS
3,1386.335959,0.088276,-4.34415263e-03,1.78240373e-01,TS
3,1559.562883,0.088276,-3.69705935e-03,1.77927779e-01,TS
3,1754.435043,0.088276,-3.05960226e-03,1.77620741e-01,TS
3,1973.657075,0.088276,-2.42822870e-03,1.77316309e-01,TS
3,2220.271572,0.088276,-1.80009245e-03,1.77010919e-01,TS
3,2497.701306,0.088276,-1.17315051e-03,1.76700306e-01,TS
3,2809.796735,0.088276,-5.46279398e-04,1.76379438e-01,TS
3,3160.889444,0.088276,8.05793046e-05,1.76042512e-01,TS
3,3555.852262,0.088276,7.06239193e-04,1.75683026e-01,TS
3,4000.166894,0.088276,1.32806136e-03,1.75293941e-01,TS
3,4500.000000,0.088276,1.94174033e-03,1.74867982e-01,TS
3,300.000000,0.095862,-1.05244841e-02,2.30093553e-01,TS
3,337.485919,0.095862,-9.45673878e-03,2.29803320e-01,TS
3,379.655818,0.095862,-8.46526032e-03,2.29514356e-01,TS
3,427.094976,0.095862,-7.53831608e-03,2.29228075e-01,TS
3,480.461801,0.095862,-6.66561962e-03,2.28945240e-01,TS
3,540.496975,0.095862,-5.83810465e-03,2.28665955e-01,TS
3,608.033727,0.095862,-5.04775144e-03,2.28389659e-01,TS
3,684.009404,0.095862,-4.28745715e-03,2.28115104e-01,TS
3,769.478474,0.095862,-3.55094571e-03,2.27840341e-01,TS
3,865.627167,0.095862,-2.83271860e-03,2.27562703e-01,TS
3,973.789933,0.095862,-2.12805459e-03,2.27278814e-01,TS
3,1095.467968,0.095862,-1.43306958e-03,2.26984601e-01,TS
3,1232.350046,0.095862,-7.44846234e-04,2.26675330e-01,TS
3,1386.335959,0.095862,-6.16357144e-05,2.26345658e-01,TS
3,1559.562883,0.095862,6.16876574e-04,2.25989705e-01,TS
3,1754.435043,0.095862,1.28926085e-03,2.25601180e-01,TS
3,1973.657075,0.095862,1.95202097e-03,2.25173602e-01,TS
3,2220.271572,0.095862,2.59930705e-03,2.24700647e-01,TS
3,2497.701306,0.095862,3.22272406e-03,2.24176671e-01,TS
3,2809.796735,0.095862,3.81130727e-03,2.23597389e-01,TS
3,3160.889444,0.095862,4.35173264e-03,2.22960677e-01,TS
3,3555.852262,0.095862,4.82880839e-03,2.22267423e-01,TS
3,4000.166894,0.095862,5.22625676e-03,2.21522304e-01,TS
3,4500.000000,0.095862,5.52775823e-03,2.20734438e-01,TS
3,300.000000,0.103448,-6.77236495e-03,2.71773400e-01,TS
3,337.485919,0.103448,-5.84789295e-03,2.71557936e-01,TS
3,379.655818,0.103448,-4.97361461e-03,2.71336465e-01,TS
3,427.094976,0.103448,-4.14036603e-03,2.71108114e-01,TS
3,480.461801,0.103448,-3.34029864e-03,2.70871237e-01,TS
3,540.496975,0.103448,-2.56680591e-03,2.70623394e-01,TS
3,608.033727,0.103448,-1.81450426e-03,2.70361334e-01,TS
3,684.009404,0.103448,-1.07926624e-03,2.70080998e-01,TS
3,769.478474,0.103448,-3.58309239e-04,2.69777550e-01,TS
3,865.627167,0.103448,3.49653287e-04,2.69445454e-01,TS
3,973.789933,0.103448,1.04419115e-03,2.69078646e-01,TS
3,1095.467968,0.103448,1.72287332e-03,2.68670810e-01,TS
3,1232.350046,0.103448,2.38095214e-03,2.68215806e-01,TS
3,1386.335959,0.103448,3.01108251e-03,2.67708271e-01,TS
3,1559.562883,0.103448,3.60317513e-03,2.67144387e-01,TS
3,1754.435043,0.103448,4.14449507e-03,2.66522781e-01,TS
3,1973.657075,0.103448,4.62010179e-03,2.65845482e-01,TS
3,2220.271572,0.103448,5.01368666e-03,2.65118835e-01,TS
3,2497.701306,0.103448,5.30881464e-03,2.64354247e-01,TS
3,2809.796735,0.103448,5.49054316e-03,2.63568656e-01,TS
3,3160.889444,0.103448,5.54738820e-03,2.62784609e-01,TS
3,3555.852262,0.103448,5.47362293e-03,2.62029793e-01,TS
3,4000.166894,0.103448,5.27187309e-03,2.61335742e-01,TS
3,4500.000000,0.103448,4.95579521e-03,2.60735255e-01,TS
3,300.000000,0.111034,-4.18898279e-03,3.08416661e-01,TS
3,337.485919,0.111034,-3.33524135e-03,3.08207424e-01,TS
3,379.655818,0.111034,-2.51773031e-03,3.07980930e-01,TS
3,427.094976,0.111034,-1.73027085e-03,3.07734004e-01,TS
3,480.461801,0.111034,-9.68299786e-04,3.07462736e-01,TS
3,540.496975,0.111034,-2.28958352e-04,3.07162514e-01,TS
3,608.033727,0.111034,4.88748145e-04,3.06828131e-01,TS
3,684.009404,0.111034,1.18372801e-03,3.06453981e-01,TS
3,769.478474,0.111034,1.85254536e-03,3.06034413e-01,TS
3,865.627167,0.111034,2.48918058e-03,3.05564282e-01,TS
3,973.789933,0.111034,3.08489286e-03,3.05039727e-01,TS
3,1095.467968,0.111034,3.62829081e-03,3.04459146e-01,TS
3,1232.350046,0.111034,4.10572361e-03,3.03824294e-01,TS
3,1386.335959,0.111034,4.50208578e-03,3.03141368e-01,TS
3,1559.562883,0.111034,4.80208996e-03,3.02421902e-01,TS
3,1754.435043,0.111034,4.99201337e-03,3.01683306e-01,TS
3,1973.657075,0.111034,5.06187790e-03,3.00948842e-01,TS
3,2220.271572,0.111034,5.00797015e-03,3.00246825e-01,TS
3,2497.701306,0.111034,4.83549428e-03,2.99608714e-01,TS
3,2809.796735,0.111034,4.56088097e-03,2.99065746e-01,TS
3,3160.889444,0.111034,4.21279077e-03,2.98643862e-01,TS
3,3555.852262,0.111034,3.83035183e-03,2.98357466e-01,TS
3,4000.166894,0.111034,3.45739561e-03,2.98203959e-01,TS
3,4500.000000,0.111034,3.13329301e-03,2.98162217e-01,TS
3,300.000000,0.118621,-2.37312344e-03,3.40473452e-01,TS
3,337.485919,0.118621,-1.56923171e-03,3.40225094e-01,TS
3,379.655818,0.118621,-7.98688318e-04,3.39947085e-01,TS
3,427.094976,0.118621,-5.91691559e-05,3.39634862e-01,TS
3,480.461801,0.118621,6.49429645e-04,3.39283526e-01,TS
3,540.496975,0.118621,1.32475833e-03,3.38888160e-01,TS
3,608.033727,0.118621,1.96179170e-03,3.38444349e-01,TS
3,684.009404,0.118621,2.55271508e-03,3.37948922e-01,TS
3,769.478474,0.118621,3.08704046e-03,3.37400919e-01,TS
3,865.627167,0.118621,3.55207953e-03,3.36802706e-01,TS
3,973.789933,0.118621,3.93387475e-03,3.36161103e-01,TS
3,1095.467968,0.118621,4.21864238e-03,3.35488316e-01,TS
3,1232.350046,0.118621,4.39471734e-03,3.34802431e-01,TS
3,1386.335959,0.118621,4.45491527e-03,3.34127199e-01,TS
3,1559.562883,0.118621,4.39911945e-03,3.33490805e-01,TS
3,1754.435043,0.118621,4.23670870e-03,3.32923316e-01,TS
3,1973.657075,0.118621,3.98811799e-03,3.32452604e-01,TS
3,2220.271572,0.118621,3.68444396e-03,3.32099001e-01,TS
3,2497.701306,0.118621,3.36396413e-03,3.31869859e-01,TS
3,2809.796735,0.118621,3.06537171e-03,3.31756271e-01,TS
3,3160.889444,0.118621,2.81954198e-03,3.31734285e-01,TS
3,3555.852262,0.118621,2.64330789e-03,3.31770923e-01,TS
3,4000.166894,0.118621,2.53801324e-03,3.31832480e-01,TS
3,4500.000000,0.118621,2.49276593e-03,3.31891446e-01,TS
3,300.000000,0.126207,-1.12789495e-03,3.68529657e-01,TS
3,337.485919,0.126207,-3.80350526e-04,3.68219110e-01,TS
3,379.655818,0.126207,3.27324831e-04,3.67868976e-01,TS
3,427.094976,0.126207,9.92818416e-04,3.67475102e-01,TS
3,480.461801,0.126207,1.61103977e-03,3.67034186e-01,TS
3,540.496975,0.126207,2.17411779e-03,3.66544611e-01,TS
3,608.033727,0.126207,2.67169729e-03,3.66007460e-01,TS
3,684.009404,0.126207,3.09167102e-03,3.65427630e-01,TS
3,769.478474,0.126207,3.42144487e-03,3.64814842e-01,TS
3,865.627167,0.126207,3.64975806e-03,3.64184307e-01,TS
3,973.789933,0.126207,3.76897770e-03,3.63556757e-01,TS
3,1095.467968,0.126207,3.77765004e-03,3.62957498e-01,TS
3,1232.350046,0.126207,3.68290005e-03,3.62414204e-01,TS
3,1386.335959,0.126207,3.50200332e-03,3.61953282e-01,TS
3,1559.562883,0.126207,3.26218694e-03,3.61595065e-01,TS
3,1754.435043,0.126207,2.99774121e-03,3.61348886e-01,TS
3,1973.657075,0.126207,2.74429243e-03,3.61209885e-01,TS
3,2220.271572,0.126207,2.53165382e-03,3.61159492e-01,TS
3,2497.701306,0.126207,2.37801877e-03,3.61170022e-01,TS
3,2809.796735,0.126207,2.28790305e-03,3.61211593e-01,TS
3,3160.889444,0.126207,2.25415683e-03,3.61258417e-01,TS
3,3555.852262,0.126207,2.26238229e-03,3.61292481e-01,TS
3,4000.166894,0.126207,2.29566869e-03,3.61304373e-01,TS
3,4500.000000,0.126207,2.33834885e-03,3.61292104e-01,TS
3,300.000000,0.133793,-3.37757067e-04,3.93169089e-01,TS
3,337.485919,0.133793,3.35908853e-04,3.92792814e-01,TS
3,379.655818,0.133793,9.56158238e-04,3.92372968e-01,TS
3,427.094976,0.133793,1.51630035e-03,3.91908594e-01,TS
3,480.461801,0.133793,2.00726773e-03,3.91401502e-01,TS
3,540.496975,0.133793,2.41842155e-03,3.90857322e-01,TS
3,608.033727,0.133793,2.73890721e-03,3.90286427e-01,TS
3,684.009404,0.133793,2.95957070e-03,3.89704424e-01,TS
3,769.478474,0.133793,3.07531285e-03,3.89131912e-01,TS
3,865.627167,0.133793,3.08757712e-03,3.88593169e-01,TS
3,973.789933,0.133793,3.00643401e-03,3.88113552e-01,TS
3,1095.467968,0.133793,2.85148070e-03,3.87715626e-01,TS
3,1232.350046,0.133793,2.65067145e-03,3.87414608e-01,TS
3,1386.335959,0.133793,2.43654637e-03,3.87214427e-01,TS
3,1559.562883,0.133793,2.24036340e-03,3.87106137e-01,TS
3,1754.435043,0.133793,2.08598309e-03,3.87069876e-01,TS
3,1973.657075,0.133793,1.98590132e-03,3.87079891e-01,TS
3,2220.271572,0.133793,1.94080589e-03,3.87110564e-01,TS
3,2497.701306,0.133793,1.94218362e-03,3.87141159e-01,TS
3,2809.796735,0.133793,1.97634122e-03,3.87158168e-01,TS
3,3160.889444,0.133793,2.02829785e-03,3.87155440e-01,TS
3,3555.852262,0.133793,2.08473714e-03,3.87132875e-01,TS
3,4000.166894,0.133793,2.13581515e-03,3.87094415e-01,TS
3,4500.000000,0.133793,2.17588137e-03,3.87045874e-01,TS
3,300.000000,0.141379,8.28016031e-05,4.14918562e-01,TS
3,337.485919,0.141379,6.64279144e-04,4.14489073e-01,TS
3,379.655818,0.141379,1.17575696e-03,4.14020848e-01,TS
3,427.094976,0.141379,1.60846255e-03,4.13518806e-01,TS
3,480.461801,0.141379,1.95319651e-03,4.12992260e-01,TS
3,540.496975,0.141379,2.20213741e-03,4.12455412e-01,TS
3,608.033727,0.141379,2.35108278e-03,4.11927124e-01,TS
3,684.009404,0.141379,2.40181435e-03,4.11429647e-01,TS
3,769.478474,0.141379,2.36404023e-03,4.10986116e-01,TS
3,865.627167,0.141379,2.25615247e-03,4.10616903e-01,TS
3,973.789933,0.141379,2.10401149e-03,4.10335476e-01,TS
3,1095.467968,0.141379,1.93738516e-03,4.10144986e-01,TS
3,1232.350046,0.141379,1.78464530e-03,4.10037100e-01,TS
3,1386.335959,0.141379,1.66742316e-03,4.09993947e-01,TS
3,1559.562883,0.141379,1.59724114e-03,4.09992609e-01,TS
3,1754.435043,0.141379,1.57518113e-03,4.10010355e-01,TS
3,1973.657075,0.141379,1.59413008e-03,4.10028742e-01,TS
3,2220.271572,0.141379,1.64223413e-03,4.10035679e-01,TS
3,2497.701306,0.141379,1.70628477e-03,4.10025608e-01,TS
3,2809.796735,0.141379,1.77434450e-03,4.09998410e-01,TS
3,3160.889444,0.141379,1.83741046e-03,4.09957669e-01,TS
3,3555.852262,0.141379,1.89013186e-03,4.09908727e-01,TS
3,4000.166894,0.141379,1.93066782e-03,4.09856882e-01,TS
3,4500.000000,0.141379,1.95985558e-03,4.09806054e-01,TS
3,300.000000,0.148966,2.08441538e-04,4.34231995e-01,TS
3,337.485919,0.148966,6.86048713e-04,4.33773544e-01,TS
3,379.655818,0.148966,1.07947079e-03,4.33290521e-01,TS
3,427.094976,0.148966,1.38180483e-03,4.32794574e-01,TS
3,480.461801,0.148966,1.58877881e-03,4.32301828e-01,TS
3,540.496975,0.148966,1.70098329e-03,4.31831957e-01,TS
3,608.033727,0.148966,1.72583508e-03,4.31406115e-01,TS
3,684.009404,0.148966,1.67858538e-03,4.31043750e-01,TS
3,769.478474,0.148966,1.58163652e-03,4.30758828e-01,TS
3,865.627167,0.148966,1.46175368e-03,4.30556512e-01,TS
3,973.789933,0.148966,1.34555557e-03,4.30431640e-01,TS
3,1095.467968,0.148966,1.25463786e-03,4.30369898e-01,TS
3,1232.350046,0.148966,1.20209937e-03,4.30351429e-01,TS
3,1386.335959,0.148966,1.19160641e-03,4.30355450e-01,TS
3,1559.562883,0.148966,1.21886890e-03,4.30364211e-01,TS
3,1754.435043,0.148966,1.27447681e-03,4.30365296e-01,TS
3,1973.657075,0.148966,1.34694466e-03,4.30352203e-01,TS
3,2220.271572,0.148966,1.42523974e-03,4.30323662e-01,TS
3,2497.701306,0.148966,1.50051695e-03,4.30282233e-01,TS
3,2809.796735,0.148966,1.56701882e-03,4.30232594e-01,TS
3,3160.889444,0.148966,1.62218257e-03,4.30179843e-01,TS
3,3555.852262,0.148966,1.66606739e-03,4.30128123e-01,TS
3,4000.166894,0.148966,1.87344196e-03,1.94531976e-01,TS
3,4500.000000,0.148966,2.03043221e-03,1.94121029e-01,TS
3,300.000000,0.156552,-6.07448349e-03,2.29040108e-01,TS
3,337.485919,0.156552,-5.42833546e-03,2.28856706e-01,TS
3,379.655818,0.156552,-4.82699327e-03,2.28678581e-01,TS
3,427.094976,0.156552,-4.26429059e-03,2.28505092e-01,TS
3,480.461801,0.156552,1.05863107e-03,4.49705090e-01,TS
3,540.496975,0.156552,1.08450403e-03,4.49338218e-01,TS
3,608.033727,0.156552,1.05176751e-03,4.49036929e-01,TS
3,684.009404,0.156552,9.83659639e-04,4.48809691e-01,TS
3,769.478474,0.156552,9.05117310e-04,4.48655976e-01,TS
3,865.627167,0.156552,8.38388135e-04,4.48566264e-01,TS
3,973.789933,0.156552,7.99257121e-04,4.48524441e-01,TS
3,1095.467968,0.156552,7.95194543e-04,4.48511695e-01,TS
3,1232.350046,0.156552,8.25777318e-04,4.48510447e-01,TS
3,1386.335959,0.156552,8.84748453e-04,4.48507112e-01,TS
3,1559.562883,0.156552,9.62693220e-04,4.48493317e-01,TS
3,1754.435043,0.156552,1.04952563e-03,4.48465786e-01,TS
3,1973.657075,0.156552,1.18770023e-03,2.25820546e-01,TS
3,2220.271572,0.156552,1.46536811e-03,2.25477753e-01,TS
3,2497.701306,0.156552,1.69547355e-03,2.25105267e-01,TS
3,2809.796735,0.156552,1.86693851e-03,2.24708340e-01,TS
3,3160.889444,0.156552,1.96943427e-03,2.24296656e-01,TS
3,3555.852262,0.156552,1.99533145e-03,2.23884621e-01,TS
3,4000.166894,0.156552,1.94206014e-03,2.23490804e-01,TS
3,4500.000000,0.156552,1.81450554e-03,2.23136156e-01,TS
3,300.000000,0.164138,-5.08075426e-03,2.56264744e-01,TS
3,337.485919,0.164138,-4.46080837e-03,2.56096002e-01,TS
3,379.655818,0.164138,-3.87962479e-03,2.55928594e-01,TS
3,427.094976,0.164138,-3.33169885e-03,2.55761059e-01,TS
3,480.461801,0.164138,-2.81223193e-03,2.55591566e-01,TS
3,540.496975,0.164138,-2.31712599e-03,2.55417908e-01,TS
3,608.033727,0.164138,-1.84302534e-03,2.55237504e-01,TS
3,684.009404,0.164138,-1.38741607e-03,2.55047407e-01,TS
3,769.478474,0.164138,-9.48788393e-04,2.54844334e-01,TS
3,865.627167,0.164138,-5.26858205e-04,2.54624736e-01,TS
3,973.789933,0.164138,-1.22829976e-04,2.54384940e-01,TS
3,1095.467968,0.164138,2.60335574e-04,2.54121418e-01,TS
3,1232.350046,0.164138,6.17709381e-04,2.53831225e-01,TS
3,1386.335959,0.164138,9.42325703e-04,2.53512642e-01,TS
3,1559.562883,0.164138,1.22537256e-03,2.53166014e-01,TS
3,1754.435043,0.164138,1.45677156e-03,2.52794689e-01,TS
3,1973.657075,0.164138,1.62626411e-03,2.52405895e-01,TS
3,2220.271572,0.164138,1.72505943e-03,2.52011292e-01,TS
3,2497.701306,0.164138,1.74797200e-03,2.51626827e-01,TS
3,2809.796735,0.164138,1.69576414e-03,2.51271535e-01,TS
3,3160.889444,0.164138,1.57710425e-03,2.50964979e-01,TS
3,3555.852262,0.164138,1.40921736e-03,2.50723393e-01,TS
3,4000.166894,0.164138,1.21621220e-03,2.50555342e-01,TS
3,4500.000000,0.164138,1.02470731e-03,2.50458587e-01,TS
3,300.000000,0.171724,-4.29287024e-03,2.81115853e-01,TS
3,337.485919,0.171724,-3.68929895e-03,2.80946090e-01,TS
3,379.655818,0.171724,-3.12104587e-03,2.80772628e-01,TS
3,427.094976,0.171724,-2.58360057e-03,2.80593156e-01,TS
3,480.461801,0.171724,-2.07337841e-03,2.80404962e-01,TS
3,540.496975,0.171724,-1.58780846e-03,2.80204964e-01,TS
3,608.033727,0.171724,-1.12548760e-03,2.79989794e-01,TS
3,684.009404,0.171724,-6.86397493e-04,2.79755951e-01,TS
3,769.478474,0.171724,-2.72159138e-04,2.79500078e-01,TS
3,865.627167,0.171724,1.13731092e-04,2.79219375e-01,TS
3,973.789933,0.171724,4.65777771e-04,2.78912200e-01,TS
3,1095.467968,0.171724,7.76597932e-04,2.78578828e-01,TS
3,1232.350046,0.171724,1.03740837e-03,2.78222332e-01,TS
3,1386.335959,0.171724,1.23901202e-03,2.77849408e-01,TS
3,1559.562883,0.171724,1.37334154e-03,2.77470917e-01,TS
3,1754.435043,0.171724,1.43548368e-03,2.77101768e-01,TS
3,1973.657075,0.171724,1.42589114e-03,2.76759801e-01,TS
3,2220.271572,0.171724,1.35219929e-03,2.76463381e-01,TS
3,2497.701306,0.171724,1.22979093e-03,2.76227842e-01,TS
3,2809.796735,0.171724,1.08024834e-03,2.76061559e-01,TS
3,3160.889444,0.171724,9.27462526e-04,2.75963162e-01,TS
3,3555.852262,0.171724,7.92455398e-04,2.75921477e-01,TS
3,4000.166894,0.171724,6.89053243e-04,2.75918577e-01,TS
3,4500.000000,0.171724,6.22241025e-04,2.75934597e-01,TS
3,300.000000,0.179310,-3.66582871e-03,3.03815393e-01,TS
3,337.485919,0.179310,-3.07657922e-03,3.03632300e-01,TS
3,379.655818,0.179310,-2.52207525e-03,3.03439987e-01,TS
3,427.094976,0.179310,-1.99929075e-03,3.03235499e-01,TS
3,480.461801,0.179310,-1.50650133e-03,3.03015622e-01,TS
3,540.496975,0.179310,-1.04346200e-03,3.02777074e-01,TS
3,608.033727,0.179310,-6.11607825e-04,3.02516837e-01,TS
3,684.009404,0.179310,-2.14218504e-04,3.02232651e-01,TS
3,769.478474,0.179310,1.43551377e-04,3.01923686e-01,TS
3,865.627167,0.179310,4.54908217e-04,3.01591351e-01,TS
3,973.789933,0.179310,7.12064745e-04,3.01240136e-01,TS
3,1095.467968,0.179310,9.07403765e-04,3.00878285e-01,TS
3,1232.350046,0.179310,1.03516692e-03,3.00518018e-01,TS
3,1386.335959,0.179310,1.09348934e-03,3.00174936e-01,TS
3,1559.562883,0.179310,1.08634006e-03,2.99866328e-01,TS
3,1754.435043,0.179310,1.02465565e-03,2.99608303e-01,TS
3,1973.657075,0.179310,9.25844643e-04,2.99412233e-01,TS
3,2220.271572,0.179310,8.11177936e-04,2.99281598e-01,TS
3,2497.701306,0.179310,7.01511841e-04,2.99210712e-01,TS
3,2809.796735,0.179310,6.12885724e-04,2.99186168e-01,TS
3,3160.889444,0.179310,5.53829091e-04,2.99190512e-01,TS
3,3555.852262,0.179310,5.25245832e-04,2.99206445e-01,TS
3,4000.166894,0.179310,5.22326622e-04,2.99219959e-01,TS
3,4500.000000,0.179310,5.37240201e-04,2.99221795e-01,TS
3,300.000000,0.186897,-3.17517680e-03,3.24579100e-01,TS
3,337.485919,0.186897,-2.60360155e-03,3.24374349e-01,TS
3,379.655818,0.186897,-2.06924808e-03,3.24155283e-01,TS
3,427.094976,0.186897,-1.57110154e-03,3.23918906e-01,TS
3,480.461801,0.186897,-1.10984422e-03,3.23662478e-01,TS
3,540.496975,0.186897,-6.87961038e-04,3.23384002e-01,TS
3,608.033727,0.186897,-3.09708198e-04,3.23082884e-01,TS
3,684.009404,0.186897,1.91760503e-05,3.22760733e-01,TS
3,769.478474,0.186897,2.92149075e-04,3.22422168e-01,TS
3,865.627167,0.186897,5.03024366e-04,3.22075419e-01,TS
3,973.789933,0.186897,6.47601082e-04,3.21732431e-01,TS
3,1095.467968,0.186897,7.25553646e-04,3.21408119e-01,TS
3,1232.350046,0.186897,7.42112093e-04,3.21118558e-01,TS
3,1386.335959,0.186897,7.08830768e-04,3.20878141e-01,TS
3,1559.562883,0.186897,6.42735800e-04,3.20696325e-01,TS
3,1754.435043,0.186897,5.63591894e-04,3.20575037e-01,TS
3,1973.657075,0.186897,4.89936529e-04,3.20508007e-01,TS
3,2220.271572,0.186897,4.35365012e-04,3.20482494e-01,TS
3,2497.701306,0.186897,4.06540365e-04,3.20482702e-01,TS
3,2809.796735,0.186897,4.03425998e-04,3.20493381e-01,TS
3,3160.889444,0.186897,4.21118330e-04,3.20502374e-01,TS
3,3555.852262,0.186897,4.52222675e-04,3.20501722e-01,TS
3,4000.166894,0.186897,4.88982664e-04,3.20487603e-01,TS
3,4500.000000,0.186897,5.24833816e-04,3.20459590e-01,TS
3,300.000000,0.194483,-2.80624915e-03,3.43609323e-01,TS
3,337.485919,0.194483,-2.25910251e-03,3.43379051e-01,TS
3,379.655818,0.194483,-1.75456155e-03,3.43131039e-01,TS
3,427.094976,0.194483,-1.29382944e-03,3.42863352e-01,TS
3,480.461801,0.194483,-8.79863501e-04,3.42575246e-01,TS
3,540.496975,0.194483,-5.17105537e-04,3.42267901e-01,TS
3,608.033727,0.194483,-2.10863208e-04,3.41945185e-01,TS
3,684.009404,0.194483,3.37449387e-05,3.41614275e-01,TS
3,769.478474,0.194483,2.13273108e-04,3.41285816e-01,TS
3,865.627167,0.194483,3.27676746e-04,3.40973325e-01,TS
3,973.789933,0.194483,3.81865067e-04,3.40691588e-01,TS
3,1095.467968,0.194483,3.86446400e-04,3.40454107e-01,TS
3,1232.350046,0.194483,3.57030584e-04,3.40270127e-01,TS
3,1386.335959,0.194483,3.11851065e-04,3.40142222e-01,TS
3,1559.562883,0.194483,2.68255269e-04,3.40065555e-01,TS
3,1754.435043,0.194483,2.39336004e-04,3.40029256e-01,TS
3,1973.657075,0.194483,2.32000644e-04,3.40019353e-01,TS
3,2220.271572,0.194483,2.46980890e-04,3.40021987e-01,TS
3,2497.701306,0.194483,2.80322851e-04,3.40025799e-01,TS
3,2809.796735,0.194483,3.25467787e-04,3.40023066e-01,TS
3,3160.889444,0.194483,3.75206375e-04,3.40009783e-01,TS
3,3555.852262,0.194483,4.23170509e-04,3.39985071e-01,TS
3,4000.166894,0.194483,4.64790130e-04,3.39950259e-01,TS
3,4500.000000,0.194483,4.97731011e-04,3.39907845e-01,TS
3,300.000000,0.202069,-2.54824438e-03,3.61091972e-01,TS
3,337.485919,0.202069,-2.03374458e-03,3.60837150e-01,TS
3,379.655818,0.202069,-1.56929890e-03,3.60564201e-01,TS
3,427.094976,0.202069,-1.15778036e-03,3.60273579e-01,TS
3,480.461801,0.202069,-8.03170476e-04,3.59967977e-01,TS
3,540.496975,0.202069,-5.09680543e-04,3.59652965e-01,TS
3,608.033727,0.202069,-2.80461901e-04,3.59337304e-01,TS
3,684.009404,0.202069,-1.16031098e-04,3.59032643e-01,TS
3,769.478474,0.202069,-1.27449943e-05,3.58752340e-01,TS
3,865.627167,0.202069,3.81340042e-05,3.58509354e-01,TS
3,973.789933,0.202069,5.01856727e-05,3.58313575e-01,TS
3,1095.467968,0.202069,4.00651925e-05,3.58169403e-01,TS
3,1232.350046,0.202069,2.45280893e-05,3.58074566e-01,TS
3,1386.335959,0.202069,1.72457929e-05,3.58020812e-01,TS
3,1559.562883,0.202069,2.66159438e-05,3.57996196e-01,TS
3,1754.435043,0.202069,5.52430332e-05,3.57987981e-01,TS
3,1973.657075,0.202069,1.00910387e-04,3.57985059e-01,TS
3,2220.271572,0.202069,1.58331429e-04,3.57979335e-01,TS
3,2497.701306,0.202069,2.20979206e-04,3.57966093e-01,TS
3,2809.796735,0.202069,2.82593470e-04,3.57943647e-01,TS
3,3160.889444,0.202069,3.99141466e-04,1.81025730e-01,TS
3,3555.852262,0.202069,5.60881079e-04,1.80796816e-01,TS
3,4000.166894,0.202069,6.88553613e-04,1.80544142e-01,TS
3,4500.000000,0.202069,7.75269865e-04,1.80271712e-01,TS
3,300.000000,0.209655,-2.39083905e-03,3.77195679e-01,TS
3,337.485919,0.209655,-1.91652984e-03,3.76922041e-01,TS
3,379.655818,0.209655,-1.50011589e-03,3.76633839e-01,TS
3,427.094976,0.209655,-1.14471269e-03,3.76334852e-01,TS
3,480.461801,0.209655,-8.53151293e-04,3.76031684e-01,TS
3,540.496975,0.209655,-6.26599141e-04,3.75733783e-01,TS
3,608.033727,0.209655,-4.63064527e-04,3.75452761e-01,TS
3,684.009404,0.209655,-3.56212835e-04,3.75200846e-01,TS
3,769.478474,0.209655,-2.95047502e-04,3.74988639e-01,TS
3,865.627167,0.209655,-2.64896481e-04,3.74822717e-01,TS
3,973.789933,0.209655,-2.49695757e-04,3.74703962e-01,TS
3,1095.467968,0.209655,-2.34916769e-04,3.74627373e-01,TS
3,1232.350046,0.209655,-2.10071257e-04,3.74583521e-01,TS
3,1386.335959,0.209655,-1.69920573e-04,3.74560989e-01,TS
3,1559.562883,0.209655,-1.14203182e-04,3.74548839e-01,TS
3,1754.435043,0.209655,-4.63374874e-05,3.74538329e-01,TS
3,1973.657075,0.209655,4.18975489e-05,2.04570099e-01,TS
3,2220.271572,0.209655,2.51302531e-04,2.04362174e-01,TS
3,2497.701306,0.209655,4.27050790e-04,2.04133986e-01,TS
3,2809.796735,0.209655,5.62225914e-04,2.03887637e-01,TS
3,3160.889444,0.209655,6.50161279e-04,2.03628460e-01,TS
3,3555.852262,0.209655,6.85948478e-04,2.03365456e-01,TS
3,4000.166894,0.209655,6.68348731e-04,2.03110961e-01,TS
3,4500.000000,0.209655,6.01679867e-04,2.02879211e-01,TS
3,300.000000,0.217241,-2.32216108e-03,3.92071742e-01,TS
3,337.485919,0.217241,-1.89280813e-03,3.91788844e-01,TS
3,379.655818,0.217241,-1.52748052e-03,3.91498770e-01,TS
3,427.094976,0.217241,-1.22762086e-03,3.91208575e-01,TS
3,480.461801,0.217241,-9.92690466e-04,3.90927742e-01,TS
3,540.496975,0.217241,-8.18834008e-04,3.90667253e-01,TS
3,608.033727,0.217241,-6.98032896e-04,3.90437892e-01,TS
3,684.009404,0.217241,-6.18246292e-04,3.90248087e-01,TS
3,769.478474,0.217241,-5.64805299e-04,3.90101910e-01,TS
3,865.627167,0.217241,-5.22812528e-04,3.89998059e-01,TS
3,973.789933,0.217241,-4.79758850e-04,3.89930290e-01,TS
3,1095.467968,0.217241,-4.27405320e-04,3.89889142e-01,TS
3,1232.350046,0.217241,-3.62365501e-04,3.89864233e-01,TS
3,1386.335959,0.217241,-2.85469563e-04,3.89846267e-01,TS
3,1559.562883,0.217241,-7.56085484e-05,2.26175660e-01,TS
3,1754.435043,0.217241,1.33865928e-04,2.25953727e-01,TS
3,1973.657075,0.217241,3.02050669e-04,2.25717171e-01,TS
3,2220.271572,0.217241,4.22532341e-04,2.25471102e-01,TS
3,2497.701306,0.217241,4.90488068e-04,2.25223929e-01,TS
3,2809.796735,0.217241,5.04504925e-04,2.24987003e-01,TS
3,3160.889444,0.217241,4.68345071e-04,2.24773202e-01,TS
3,3555.852262,0.217241,3.91921574e-04,2.24594391e-01,TS
3,4000.166894,0.217241,3.00073953e-04,3.89547362e-01,TS
3,4500.000000,0.217241,3.25206350e-04,3.89508144e-01,TS
3,300.000000,0.224828,-2.32790959e-03,4.05854130e-01,TS
3,337.485919,0.224828,-1.94402664e-03,4.05573484e-01,TS
3,379.655818,0.224828,-1.62680362e-03,4.05295567e-01,TS
3,427.094976,0.224828,-1.37436748e-03,4.05029495e-01,TS
3,480.461801,0.224828,-1.18161911e-03,4.04785382e-01,TS
3,540.496975,0.224828,-1.03964654e-03,4.04572637e-01,TS
3,608.033727,0.224828,-9.36139600e-04,4.04397983e-01,TS
3,684.009404,0.224828,-8.56935407e-04,4.04263832e-01,TS
3,769.478474,0.224828,-7.88321989e-04,4.04167709e-01,TS
3,865.627167,0.224828,-7.19306848e-04,4.04102997e-01,TS
3,973.789933,0.224828,-6.43049823e-04,4.04060699e-01,TS
3,1095.467968,0.224828,-5.57101586e-04,4.04031487e-01,TS
3,1232.350046,0.224828,-3.16866000e-04,2.46378676e-01,TS
3,1386.335959,0.224828,-9.82544369e-05,2.46151926e-01,TS
3,1559.562883,0.224828,7.53146319e-05,2.45915635e-01,TS
3,1754.435043,0.224828,1.98655420e-04,2.45676604e-01,TS
3,1973.657075,0.224828,2.68937460e-04,2.45444520e-01,TS
3,2220.271572,0.224828,2.87414228e-04,2.45231026e-01,TS
3,2497.701306,0.224828,2.60697487e-04,2.45047749e-01,TS
3,2809.796735,0.224828,2.00817346e-04,2.44903534e-01,TS
3,3160.889444,0.224828,1.65988798e-04,4.03722839e-01,TS
3,3555.852262,0.224828,2.04008091e-04,4.03685436e-01,TS
3,4000.166894,0.224828,2.35419804e-04,4.03648477e-01,TS
3,4500.000000,0.224828,2.61505484e-04,4.03610880e-01,TS
3,300.000000,0.232414,-2.39164476e-03,4.18659570e-01,TS
3,337.485919,0.232414,-2.04915322e-03,4.18392322e-01,TS
3,379.655818,0.232414,-1.77168499e-03,4.18138138e-01,TS
3,427.094976,0.232414,-1.55338713e-03,4.17906235e-01,TS
3,480.461801,0.232414,-1.38499306e-03,4.17704877e-01,TS
3,540.496975,0.232414,-1.25435457e-03,4.17539589e-01,TS
3,608.033727,0.232414,-1.14797505e-03,4.17411815e-01,TS
3,684.009404,0.232414,-1.05313140e-03,4.17318590e-01,TS
3,769.478474,0.232414,-9.59844967e-04,4.17253407e-01,TS
3,865.627167,0.232414,-8.62029343e-04,4.17207886e-01,TS
3,973.789933,0.232414,-6.58460002e-04,2.65300495e-01,TS
3,1095.467968,0.232414,-4.19333846e-04,2.65074176e-01,TS
3,1232.350046,0.232414,-2.26712053e-04,2.64841337e-01,TS
3,1386.335959,0.232414,-8.46177892e-05,2.64609299e-01,TS
3,1559.562883,0.232414,5.41924796e-06,2.64387866e-01,TS
3,1754.435043,0.232414,4.59022704e-05,2.64188181e-01,TS
3,1973.657075,0.232414,4.42882586e-05,2.64020650e-01,TS
3,2220.271572,0.232414,1.26227378e-05,2.63892348e-01,TS
3,2497.701306,0.232414,1.78464693e-06,4.16873765e-01,TS
3,2809.796735,0.232414,5.57805671e-05,4.16835222e-01,TS
3,3160.889444,0.232414,1.01315425e-04,4.16798577e-01,TS
3,3555.852262,0.232414,1.39646818e-04,4.16762980e-01,TS
3,4000.166894,0.232414,1.71835739e-04,4.16727326e-01,TS
3,4500.000000,0.232414,1.98804059e-04,4.16690556e-01,TS
3,300.000000,0.240000,-2.49603264e-03,4.30588099e-01,TS
3,337.485919,0.240000,-2.18713495e-03,4.30342951e-01,TS
3,379.655818,0.240000,-1.93783003e-03,4.30119549e-01,TS
3,427.094976,0.240000,-1.73882880e-03,4.29925273e-01,TS
3,480.461801,0.240000,-1.57835519e-03,4.29764887e-01,TS
3,540.496975,0.240000,-1.44357432e-03,4.29639377e-01,TS
3,608.033727,0.240000,-1.32251118e-03,4.29545740e-01,TS
3,684.009404,0.240000,-1.20579209e-03,4.29477832e-01,TS
3,769.478474,0.240000,-1.08762901e-03,4.29427912e-01,TS
3,865.627167,0.240000,-8.20851660e-04,2.82821299e-01,TS
3,973.789933,0.240000,-5.96858563e-04,2.82592860e-01,TS
3,1095.467968,0.240000,-4.23170654e-04,2.82365852e-01,TS
3,1232.350046,0.240000,-3.00717357e-04,2.82149567e-01,TS
3,1386.335959,0.240000,-2.26831516e-04,2.81954488e-01,TS
3,1559.562883,0.240000,-1.94431122e-04,2.81790359e-01,TS
3,1754.435043,0.240000,-1.92377372e-04,2.81663829e-01,TS
3,1973.657075,0.240000,-1.95777538e-04,4.29101782e-01,TS
3,2220.271572,0.240000,-1.23406598e-04,4.29059780e-01,TS
3,2497.701306,0.240000,-6.10497079e-05,4.29020509e-01,TS
3,2809.796735,0.240000,-7.52180016e-06,4.28983729e-01,TS
3,3160.889444,0.240000,3.82658136e-05,4.28948633e-01,TS
3,3555.852262,0.240000,7.72070864e-05,4.28914141e-01,TS
3,4000.166894,0.240000,1.10068476e-04,4.28879180e-01,TS
3,4500.000000,0.240000,1.37633905e-04,4.28842845e-01,TS
4,300.000000,0.020000,nan,nan,
4,337.485919,0.020000,nan,nan,
4,379.655818,0.020000,nan,nan,
4,427.094976,0.020000,nan,nan,
4,480.461801,0.020000,nan,nan,
4,540.496975,0.020000,nan,nan,
4,608.033727,0.020000,nan,nan,
4,684.009404,0.020000,nan,nan,
4,769.478474,0.020000,-4.50382374e-02,2.51955765e-01,TS
4,865.627167,0.020000,-4.00114803e-02,2.51447224e-01,TS
4,973.789933,0.020000,-3.54936545e-02,2.50876989e-01,TS
4,1095.467968,0.020000,-3.13965363e-02,2.50248368e-01,TS
4,1232.350046,0.020000,-2.76471021e-02,2.49566022e-01,TS
4,1386.335959,0.020000,-2.41848036e-02,2.48834353e-01,TS
4,1559.562883,0.020000,-2.09594292e-02,2.48056552e-01,TS
4,1754.435043,0.020000,-1.79294692e-02,2.47234092e-01,TS
4,1973.657075,0.020000,-1.50609007e-02,2.46366538e-01,TS
4,2220.271572,0.020000,-1.23263019e-02,2.45451607e-01,TS
4,2497.701306,0.020000,-9.70420236e-03,2.44485395e-01,TS
4,2809.796735,0.020000,-7.17857879e-03,2.43462745e-01,TS
4,3160.889444,0.020000,-4.73841126e-03,2.42377719e-01,TS
4,3555.852262,0.020000,-2.37723693e-03,2.41224112e-01,TS
4,4000.166894,0.020000,-9.26606159e-05,2.39995989e-01,TS
4,4500.000000,0.020000,2.11419004e-03,2.38688196e-01,TS
4,300.000000,0.027586,-1.44830769e-02,-4.21708197e-01,TS
4,337.485919,0.027586,-1.45228312e-02,-4.23108286e-01,TS
4,379.655818,0.027586,-1.44819460e-02,-4.24482508e-01,TS
4,427.094976,0.027586,-1.03881574e-02,3.95584720e-01,TS
4,480.461801,0.027586,-6.33169873e-03,3.96257780e-01,TS
4,540.496975,0.027586,-2.65803569e-03,3.96718196e-01,TS
4,608.033727,0.027586,6.88135043e-04,3.96970857e-01,TS
4,684.009404,0.027586,3.75048799e-03,3.97020284e-01,TS
4,769.478474,0.027586,6.56280331e-03,3.96871258e-01,TS
4,865.627167,0.027586,9.15036746e-03,3.96529185e-01,TS
4,973.789933,0.027586,1.15311303e-02,3.96000312e-01,TS
4,1095.467968,0.027586,1.37166781e-02,3.95291913e-01,TS
4,1232.350046,0.027586,1.57130903e-02,3.94412531e-01,TS
4,1386.335959,0.027586,1.75217572e-02,3.93372325e-01,TS
4,1559.562883,0.027586,1.91402347e-02,3.92183501e-01,TS
4,1754.435043,0.027586,2.05631784e-02,3.90860773e-01,TS
4,1973.657075,0.027586,2.17833590e-02,3.89421756e-01,TS
4,2220.271572,0.027586,2.27927222e-02,3.87887249e-01,TS
4,2497.701306,0.027586,2.35834470e-02,3.86281370e-01,TS
4,2809.796735,0.027586,2.41489741e-02,3.84631554e-01,TS
4,3160.889444,0.027586,2.44850193e-02,3.82968466e-01,TS
4,3555.852262,0.027586,2.45906362e-02,3.81325851e-01,TS
4,4000.166894,0.027586,2.44694415e-02,3.79740292e-01,TS
4,4500.000000,0.027586,2.41311352e-02,3.78250771e-01,TS
4,300.000000,0.035172,-3.28625779e-02,-1.58650869e-01,TS
4,337.485919,0.035172,-3.30756190e-02,-1.61909959e-01,TS
4,379.655818,0.035172,-3.30828883e-02,-1.65115307e-01,TS
4,427.094976,0.035172,-3.29123316e-02,-1.68244454e-01,TS
4,480.461801,0.035172,-3.25906363e-02,-1.71282073e-01,TS
4,540.496975,0.035172,-3.21422804e-02,-1.74218343e-01,TS
4,608.033727,0.035172,-3.15891246e-02,-1.77047540e-01,TS
4,684.009404,0.035172,-3.09503545e-02,-1.79766887e-01,TS
4,769.478474,0.035172,-3.02426330e-02,-1.82375661e-01,TS
4,865.627167,0.035172,-2.94803657e-02,-1.84874544e-01,TS
4,973.789933,0.035172,-2.86760081e-02,-1.87265160e-01,TS
4,1095.467968,0.035172,-2.78403587e-02,-1.89549795e-01,TS
4,1232.350046,0.035172,-2.69828047e-02,-1.91731218e-01,TS
4,1386.335959,0.035172,-2.61115040e-02,-1.93812585e-01,TS
4,1559.562883,0.035172,-2.52335082e-02,-1.95797362e-01,TS
4,1754.435043,0.035172,-2.43548447e-02,-1.97689254e-01,TS
4,1973.657075,0.035172,-2.34805829e-02,-1.99492116e-01,TS
4,2220.271572,0.035172,-2.26149064e-02,-2.01209858e-01,TS
4,2497.701306,0.035172,-2.17612020e-02,-2.02846350e-01,TS
4,2809.796735,0.035172,-2.09221692e-02,-2.04405348e-01,TS
4,3160.889444,0.035172,-2.00999369e-02,-2.05890446e-01,TS
4,3555.852262,0.035172,-1.92961755e-02,-2.07305069e-01,TS
4,4000.166894,0.035172,-1.85121870e-02,-2.08652483e-01,TS
4,4500.000000,0.035172,-1.77489666e-02,-2.09935827e-01,TS
4,300.000000,0.042759,-1.40114340e-02,-4.13542528e-01,TS
4,337.485919,0.042759,-1.35686832e-02,-4.14543279e-01,TS
4,379.655818,0.042759,-1.31250821e-02,-4.15513440e-01,TS
4,427.094976,0.042759,-1.26823058e-02,-4.16451398e-01,TS
4,480.461801,0.042759,-1.22418548e-02,-4.17356235e-01,TS
4,540.496975,0.042759,-1.18049960e-02,-4.18227559e-01,TS
4,608.033727,0.042759,-1.13727316e-02,-4.19065333e-01,TS
4,684.009404,0.042759,-1.09458118e-02,-4.19869710e-01,TS
4,769.478474,0.042759,-1.05247970e-02,-4.20640893e-01,TS
4,865.627167,0.042759,-1.01101623e-02,-4.21379048e-01,TS
4,973.789933,0.042759,-9.70242013e-03,-4.22084277e-01,TS
4,1095.467968,0.042759,-9.30222453e-03,-4.22756663e-01,TS
4,1232.350046,0.042759,-8.91043084e-03,-4.23396357e-01,TS
4,1386.335959,0.042759,-8.52809560e-03,-4.24003684e-01,TS
4,1559.562883,0.042759,-8.15642359e-03,-4.24579236e-01,TS
4,1754.435043,0.042759,-7.79668054e-03,-4.25123923e-01,TS
4,1973.657075,0.042759,-7.45009357e-03,-4.25638989e-01,TS
4,2220.271572,0.042759,-7.11775737e-03,-4.26125990e-01,TS
4,2497.701306,0.042759,-6.80055652e-03,-4.26586748e-01,TS
4,2809.796735,0.042759,-6.49910815e-03,-4.27023290e-01,TS
4,3160.889444,0.042759,-5.78831143e-03,1.60899714e-01,TS
4,3555.852262,0.042759,-5.03261418e-03,1.60530075e-01,TS
4,4000.166894,0.042759,-4.29476047e-03,1.60171481e-01,TS
4,4500.000000,0.042759,-3.57071200e-03,1.59820314e-01,TS
4,300.000000,0.050345,-1.41822195e-02,2.64772623e-01,TS
4,337.485919,0.050345,-1.24703420e-02,2.64951999e-01,TS
4,379.655818,0.050345,-1.09352484e-02,2.65059112e-01,TS
4,427.094976,0.050345,-9.54655690e-03,2.65107006e-01,TS
4,480.461801,0.050345,-8.27884606e-03,2.65106347e-01,TS
4,540.496975,0.050345,-7.11073544e-03,2.65065662e-01,TS
4,608.033727,0.050345,-6.02415682e-03,2.64991523e-01,TS
4,684.009404,0.050345,-5.00377816e-03,2.64888699e-01,TS
4,769.478474,0.050345,-4.03655574e-03,2.64760301e-01,TS
4,865.627167,0.050345,-3.11140081e-03,2.64607918e-01,TS
4,973.789933,0.050345,-2.21895010e-03,2.64431751e-01,TS
4,1095.467968,0.050345,-1.35143751e-03,2.64230759e-01,TS
4,1232.350046,0.050345,-5.02657509e-04,2.64002795e-01,TS
4,1386.335959,0.050345,3.31991138e-04,2.63744727e-01,TS
4,1559.562883,0.050345,1.15539779e-03,2.63452554e-01,TS
4,1754.435043,0.050345,1.96858489e-03,2.63121521e-01,TS
4,1973.657075,0.050345,2.77052117e-03,2.62746272e-01,TS
4,2220.271572,0.050345,3.55792161e-03,2.62321075e-01,TS
4,2497.701306,0.050345,4.32506411e-03,2.61840189e-01,TS
4,2809.796735,0.050345,5.06367252e-03,2.61298387e-01,TS
4,3160.889444,0.050345,5.76293371e-03,2.60691640e-01,TS
4,3555.852262,0.050345,6.40971901e-03,2.60017929e-01,TS
4,4000.166894,0.050345,6.98906015e-03,2.59278079e-01,TS
4,4500.000000,0.050345,7.48489019e-03,2.58476535e-01,TS
4,300.000000,0.057931,-4.79044678e-03,3.43716271e-01,TS
4,337.485919,0.057931,-3.62538299e-03,3.43843652e-01,TS
4,379.655818,0.057931,-2.54547866e-03,3.43917880e-01,TS
4,427.094976,0.057931,-1.53439082e-03,3.43941026e-01,TS
4,480.461801,0.057931,-5.78840077e-04,3.43914088e-01,TS
4,540.496975,0.057931,3.31637309e-04,3.43836999e-01,TS
4,608.033727,0.057931,1.20488506e-03,3.43708676e-01,TS
4,684.009404,0.057931,2.04626026e-03,3.43527103e-01,TS
4,769.478474,0.057931,2.85868992e-03,3.43289467e-01,TS
4,865.627167,0.057931,3.64263850e-03,3.42992381e-01,TS
4,973.789933,0.057931,4.39599278e-03,3.42632224e-01,TS
4,1095.467968,0.057931,5.11390431e-03,3.42205655e-01,TS
4,1232.350046,0.057931,5.78867347e-03,3.41710311e-01,TS
4,1386.335959,0.057931,6.40979400e-03,3.41145686e-01,TS
4,1559.562883,0.057931,6.96428202e-03,3.40514110e-01,TS
4,1754.435043,0.057931,7.43738472e-03,3.39821717e-01,TS
4,1973.657075,0.057931,7.81370777e-03,3.39079264e-01,TS
4,2220.271572,0.057931,8.07873862e-03,3.38302660e-01,TS
4,2497.701306,0.057931,8.22069962e-03,3.37513071e-01,TS
4,2809.796735,0.057931,8.23264142e-03,3.36736469e-01,TS
4,3160.889444,0.057931,8.11465764e-03,3.36002467e-01,TS
4,3555.852262,0.057931,7.87600541e-03,3.35342192e-01,TS
4,4000.166894,0.057931,7.53668604e-03,3.34784952e-01,TS
4,4500.000000,0.057931,7.12767259e-03,3.34353659e-01,TS
4,300.000000,0.065517,-2.66222696e-04,4.05609507e-01,TS
4,337.485919,0.065517,6.94152001e-04,4.05593735e-01,TS
4,379.655818,0.065517,1.59382740e-03,4.05519094e-01,TS
4,427.094976,0.065517,2.43985987e-03,4.05383467e-01,TS
4,480.461801,0.065517,3.23639252e-03,4.05184621e-01,TS
4,540.496975,0.065517,3.98459776e-03,4.04920353e-01,TS
4,608.033727,0.065517,4.68259480e-03,4.04588823e-01,TS
4,684.009404,0.065517,5.32542302e-03,4.04189140e-01,TS
4,769.478474,0.065517,5.90519045e-03,4.03722187e-01,TS
4,865.627167,0.065517,6.41152713e-03,4.03191636e-01,TS
4,973.789933,0.065517,6.83244692e-03,4.02604983e-01,TS
4,1095.467968,0.065517,7.15566469e-03,4.01974435e-01,TS
4,1232.350046,0.065517,7.37034230e-03,4.01317389e-01,TS
4,1386.335959,0.065517,7.46916178e-03,4.00656298e-01,TS
4,1559.562883,0.065517,7.45054181e-03,4.00017705e-01,TS
4,1754.435043,0.065517,7.32070442e-03,3.99430272e-01,TS
4,1973.657075,0.065517,7.09513192e-03,3.98921714e-01,TS
4,2220.271572,0.065517,6.79875560e-03,3.98514766e-01,TS
4,2497.701306,0.065517,6.46413868e-03,3.98222805e-01,TS
4,2809.796735,0.065517,6.12725262e-03,3.98046348e-01,TS
4,3160.889444,0.065517,5.82140697e-03,3.97972045e-01,TS
4,3555.852262,0.065517,5.57112917e-03,3.97975210e-01,TS
4,4000.166894,0.065517,5.38830271e-03,3.98025382e-01,TS
4,4500.000000,0.065517,5.27193351e-03,3.98092866e-01,TS
4,300.000000,0.073103,-1.14668828e-02,1.94811142e-01,TS
4,337.485919,0.073103,-1.03988385e-02,1.94703036e-01,TS
4,379.655818,0.073103,-9.43426715e-03,1.94570393e-01,TS
4,427.094976,0.073103,-8.55907092e-03,1.94420176e-01,TS
4,480.461801,0.073103,-7.76115349e-03,1.94257957e-01,TS
4,540.496975,0.073103,-7.03005711e-03,1.94088174e-01,TS
4,608.033727,0.073103,-6.35667816e-03,1.93914340e-01,TS
4,684.009404,0.073103,-5.73304863e-03,1.93739212e-01,TS
4,769.478474,0.073103,-5.15217015e-03,1.93564917e-01,TS
4,865.627167,0.073103,-4.60788699e-03,1.93393040e-01,TS
4,973.789933,0.073103,-4.09478284e-03,1.93224671e-01,TS
4,1095.467968,0.073103,6.35244694e-03,4.49748324e-01,TS
4,1232.350046,0.073103,6.18506156e-03,4.49328724e-01,TS
4,1386.335959,0.073103,5.95637286e-03,4.48995339e-01,TS
4,1559.562883,0.073103,5.69583962e-03,4.48758699e-01,TS
4,1754.435043,0.073103,5.43475036e-03,4.48618142e-01,TS
4,1973.657075,0.073103,5.20105112e-03,4.48561605e-01,TS
4,2220.271572,0.073103,5.01462508e-03,4.48568216e-01,TS
4,2497.701306,0.073103,4.88465197e-03,4.48612970e-01,TS
4,2809.796735,0.073103,4.80978887e-03,4.48671844e-01,TS
4,3160.889444,0.073103,4.78068201e-03,4.48725747e-01,TS
4,3555.852262,0.073103,4.78359243e-03,4.48762500e-01,TS
4,4000.166894,0.073103,4.80396067e-03,4.48776935e-01,TS
4,4500.000000,0.073103,4.82918692e-03,4.48769636e-01,TS
4,300.000000,0.080690,-6.53990938e-03,2.58252402e-01,TS
4,337.485919,0.080690,-5.77901822e-03,2.58197533e-01,TS
4,379.655818,0.080690,-5.07976544e-03,2.58128217e-01,TS
4,427.094976,0.080690,-4.43255462e-03,2.58047414e-01,TS
4,480.461801,0.080690,-3.82903260e-03,2.57957264e-01,TS
4,540.496975,0.080690,-3.26190006e-03,2.57859166e-01,TS
4,608.033727,0.080690,-2.72477339e-03,2.57753854e-01,TS
4,684.009404,0.080690,-2.21209616e-03,2.57641449e-01,TS
4,769.478474,0.080690,-1.71909464e-03,2.57521501e-01,TS
4,865.627167,0.080690,-1.24176909e-03,2.57393001e-01,TS
4,973.789933,0.080690,-7.76913281e-04,2.57254376e-01,TS
4,1095.467968,0.080690,-3.22157337e-04,2.57103466e-01,TS
4,1232.350046,0.080690,1.23962876e-04,2.56937502e-01,TS
4,1386.335959,0.080690,5.61899918e-04,2.56753116e-01,TS
4,1559.562883,0.080690,9.90940485e-04,2.56546386e-01,TS
4,1754.435043,0.080690,1.40899951e-03,2.56312990e-01,TS
4,1973.657075,0.080690,1.81238034e-03,2.56048470e-01,TS
4,2220.271572,0.080690,2.19554812e-03,2.55748668e-01,TS
4,2497.701306,0.080690,2.55099517e-03,2.55410346e-01,TS
4,2809.796735,0.080690,2.86930019e-03,2.55031975e-01,TS
4,3160.889444,0.080690,3.13948966e-03,2.54614641e-01,TS
4,3555.852262,0.080690,3.34979404e-03,2.54162963e-01,TS
4,4000.166894,0.080690,3.48885173e-03,2.53685847e-01,TS
4,4500.000000,0.080690,3.54735570e-03,2.53196896e-01,TS
4,300.000000,0.088276,-3.83665439e-03,3.11935721e-01,TS
4,337.485919,0.088276,-3.19084510e-03,3.11888099e-01,TS
4,379.655818,0.088276,-2.58646056e-03,3.11824691e-01,TS
4,427.094976,0.088276,-2.01648985e-03,3.11745718e-01,TS
4,480.461801,0.088276,-1.47508740e-03,3.11650750e-01,TS
4,540.496975,0.088276,-9.57497811e-04,3.11538744e-01,TS
4,608.033727,0.088276,-4.60035887e-04,3.11408082e-01,TS
4,684.009404,0.088276,1.98686968e-05,3.11256627e-01,TS
4,769.478474,0.088276,4.83556005e-04,3.11081782e-01,TS
4,865.627167,0.088276,9.30952544e-04,3.10880595e-01,TS
4,973.789933,0.088276,1.36034093e-03,3.10649946e-01,TS
4,1095.467968,0.088276,1.76812659e-03,3.10386860e-01,TS
4,1232.350046,0.088276,2.14867312e-03,3.10089008e-01,TS
4,1386.335959,0.088276,2.49430291e-03,3.09755382e-01,TS
4,1559.562883,0.088276,2.79557436e-03,3.09387145e-01,TS
4,1754.435043,0.088276,3.04194121e-03,3.08988523e-01,TS
4,1973.657075,0.088276,3.22286780e-03,3.08567574e-01,TS
4,2220.271572,0.088276,3.32940555e-03,3.08136605e-01,TS
4,2497.701306,0.088276,3.35613003e-03,3.07711961e-01,TS
4,2809.796735,0.088276,3.30318632e-03,3.07312912e-01,TS
4,3160.889444,0.088276,3.17799228e-03,3.06959456e-01,TS
4,3555.852262,0.088276,2.99594042e-03,3.06669101e-01,TS
4,4000.166894,0.088276,2.77936319e-03,3.06453131e-01,TS
4,4500.000000,0.088276,2.55435260e-03,3.06313497e-01,TS
4,300.000000,0.095862,-2.13983000e-03,3.57298669e-01,TS
4,337.485919,0.095862,-1.54924890e-03,3.57219870e-01,TS
4,379.655818,0.095862,-9.92847714e-04,3.57118869e-01,TS
4,427.094976,0.095862,-4.66421129e-04,3.56994191e-01,TS
4,480.461801,0.095862,3.28108639e-05,3.56843919e-01,TS
4,540.496975,0.095862,5.06116812e-04,3.56665803e-01,TS
4,608.033727,0.095862,9.53102238e-04,3.56457475e-01,TS
4,684.009404,0.095862,1.37153068e-03,3.56216810e-01,TS
4,769.478474,0.095862,1.75719255e-03,3.55942444e-01,TS
4,865.627167,0.095862,2.10393260e-03,3.55634473e-01,TS
4,973.789933,0.095862,2.40396389e-03,3.55295245e-01,TS
4,1095.467968,0.095862,2.64858503e-03,3.54930164e-01,TS
4,1232.350046,0.095862,2.82936377e-03,3.54548288e-01,TS
4,1386.335959,0.095862,2.93975282e-03,3.54162496e-01,TS
4,1559.562883,0.095862,2.97696130e-03,3.53788945e-01,TS
4,1754.435043,0.095862,2.94372911e-03,3.53445606e-01,TS
4,1973.657075,0.095862,2.84947473e-03,3.53149829e-01,TS
4,2220.271572,0.095862,2.71019794e-03,3.52915237e-01,TS
4,2497.701306,0.095862,2.54667752e-03,3.52748687e-01,TS
4,2809.796735,0.095862,2.38104979e-03,3.52648390e-01,TS
4,3160.889444,0.095862,2.23266580e-03,3.52604144e-01,TS
4,3555.852262,0.095862,2.11467927e-03,3.52599816e-01,TS
4,4000.166894,0.095862,2.03256470e-03,3.52617134e-01,TS
4,4500.000000,0.095862,1.98479696e-03,3.52639380e-01,TS
4,300.000000,0.103448,-1.04734504e-03,3.95832535e-01,TS
4,337.485919,0.103448,-5.05497430e-04,3.95702038e-01,TS
4,379.655818,0.103448,-1.19095618e-07,3.95543315e-01,TS
4,427.094976,0.103448,4.69587025e-04,3.95354641e-01,TS
4,480.461801,0.103448,9.02519650e-04,3.95134603e-01,TS
4,540.496975,0.103448,1.29565496e-03,3.94882624e-01,TS
4,608.033727,0.103448,1.64419115e-03,3.94599648e-01,TS
4,684.009404,0.103448,1.94197744e-03,3.94288913e-01,TS
4,769.478474,0.103448,2.18232417e-03,3.93956673e-01,TS
4,865.627167,0.103448,2.35923040e-03,3.93612624e-01,TS
4,973.789933,0.103448,2.46895139e-03,3.93269812e-01,TS
4,1095.467968,0.103448,2.51167030e-03,3.92943755e-01,TS
4,1232.350046,0.103448,2.49286405e-03,3.92650693e-01,TS
4,1386.335959,0.103448,2.42383133e-03,3.92405075e-01,TS
4,1559.562883,0.103448,2.32089706e-03,3.92216779e-01,TS
4,1754.435043,0.103448,2.20313921e-03,3.92088894e-01,TS
4,1973.657075,0.103448,2.08908358e-03,3.92016932e-01,TS
4,2220.271572,0.103448,1.99338983e-03,3.91989948e-01,TS
4,2497.701306,0.103448,1.92466606e-03,3.91993193e-01,TS
4,2809.796735,0.103448,1.88502656e-03,3.92011326e-01,TS
4,3160.889444,0.103448,1.87121302e-03,3.92031124e-01,TS
4,3555.852262,0.103448,1.87658238e-03,3.92043079e-01,TS
4,4000.166894,0.103448,1.89323505e-03,3.92041874e-01,TS
4,4500.000000,0.103448,1.91381243e-03,3.92025990e-01,TS
4,300.000000,0.111034,-3.93387113e-04,4.28825962e-01,TS
4,337.485919,0.111034,8.77191695e-05,4.28642511e-01,TS
4,379.655818,0.111034,5.23363719e-04,4.28429396e-01,TS
4,427.094976,0.111034,9.11070690e-04,4.28187228e-01,TS
4,480.461801,0.111034,1.24686588e-03,4.27918455e-01,TS
4,540.496975,0.111034,1.52595829e-03,4.27628027e-01,TS
4,608.033727,0.111034,1.74379663e-03,4.27323886e-01,TS
4,684.009404,0.111034,1.89744471e-03,4.27017022e-01,TS
4,769.478474,0.111034,1.98708451e-03,4.26720877e-01,TS
4,865.627167,0.111034,2.01729888e-03,4.26449941e-01,TS
4,973.789933,0.111034,1.99767646e-03,4.26217633e-01,TS
4,1095.467968,0.111034,1.94231068e-03,4.26033862e-01,TS
4,1232.350046,0.111034,1.86802702e-03,4.25902944e-01,TS
4,1386.335959,0.111034,1.79165332e-03,4.25822662e-01,TS
4,1559.562883,0.111034,1.72713260e-03,4.25784897e-01,TS
4,1754.435043,0.111034,1.68342769e-03,4.25777660e-01,TS
4,1973.657075,0.111034,1.66381798e-03,4.25787769e-01,TS
4,2220.271572,0.111034,1.66656703e-03,4.25803283e-01,TS
4,2497.701306,0.111034,1.68646601e-03,4.25815116e-01,TS
4,2809.796735,0.111034,1.71665136e-03,4.25817689e-01,TS
4,3160.889444,0.111034,1.75025533e-03,4.25808779e-01,TS
4,3555.852262,0.111034,1.78165557e-03,4.25788843e-01,TS
4,4000.166894,0.111034,1.80722288e-03,4.25760025e-01,TS
4,4500.000000,0.111034,1.82553478e-03,4.25725107e-01,TS
4,300.000000,0.118621,-4.21964589e-03,2.93909619e-01,TS
4,337.485919,0.118621,-3.64742357e-03,2.93831190e-01,TS
4,379.655818,0.118621,-3.11703062e-03,2.93746937e-01,TS
4,427.094976,0.118621,-2.62262029e-03,2.93656389e-01,TS
4,480.461801,0.118621,-2.15916831e-03,2.93558741e-01,TS
4,540.496975,0.118621,-1.72246386e-03,2.93452884e-01,TS
4,608.033727,0.118621,-1.30915144e-03,2.93337417e-01,TS
4,684.009404,0.118621,-9.16818598e-04,2.93210653e-01,TS
4,769.478474,0.118621,-5.44122908e-04,2.93070630e-01,TS
4,865.627167,0.118621,-1.90945726e-04,2.92915167e-01,TS
4,973.789933,0.118621,1.41447122e-04,2.92742009e-01,TS
4,1095.467968,0.118621,4.50273116e-04,2.92549111e-01,TS
4,1232.350046,0.118621,7.31187972e-04,2.92335086e-01,TS
4,1386.335959,0.118621,9.78412847e-04,2.92099821e-01,TS
4,1559.562883,0.118621,1.18513810e-03,2.91845183e-01,TS
4,1754.435043,0.118621,1.34430119e-03,2.91575712e-01,TS
4,1973.657075,0.118621,1.44978411e-03,2.91299062e-01,TS
4,2220.271572,0.118621,1.49796134e-03,2.91025936e-01,TS
4,2497.701306,0.118621,1.48934948e-03,2.90769233e-01,TS
4,2809.796735,0.118621,1.42989658e-03,2.90542264e-01,TS
4,3160.889444,0.118621,1.33129981e-03,2.90356207e-01,TS
4,3555.852262,0.118621,1.20982690e-03,2.90217411e-01,TS
4,4000.166894,0.118621,1.08360040e-03,2.90125568e-01,TS
4,4500.000000,0.118621,9.69083892e-04,2.90073678e-01,TS
4,300.000000,0.126207,-3.33707037e-03,3.29628467e-01,TS
4,337.485919,0.126207,-2.79391872e-03,3.29538158e-01,TS
4,379.655818,0.126207,-2.28896672e-03,3.29437674e-01,TS
4,427.094976,0.126207,-1.81778797e-03,3.29325705e-01,TS
4,480.461801,0.126207,-1.37699707e-03,3.29200670e-01,TS
4,540.496975,0.126207,-9.64344540e-04,3.29060805e-01,TS
4,608.033727,0.126207,-5.78865163e-04,3.28904307e-01,TS
4,684.009404,0.126207,-2.21044035e-04,3.28729548e-01,TS
4,769.478474,0.126207,1.07063200e-04,3.28535418e-01,TS
4,865.627167,0.126207,4.01841524e-04,3.28321786e-01,TS
4,973.789933,0.126207,6.58358900e-04,3.28090077e-01,TS
4,1095.467968,0.126207,8.70935824e-04,3.27843874e-01,TS
4,1232.350046,0.126207,1.03409996e-03,3.27589387e-01,TS
4,1386.335959,0.126207,1.14389579e-03,3.27335552e-01,TS
4,1559.562883,0.126207,1.19937307e-03,3.27093520e-01,TS
4,1754.435043,0.126207,1.20389488e-03,3.26875341e-01,TS
4,1973.657075,0.126207,1.16575891e-03,3.26691918e-01,TS
4,2220.271572,0.126207,1.09764850e-03,3.26550643e-01,TS
4,2497.701306,0.126207,1.01474996e-03,3.26453494e-01,TS
4,2809.796735,0.126207,9.31960917e-04,3.26396402e-01,TS
4,3160.889444,0.126207,8.61146163e-04,3.26370286e-01,TS
4,3555.852262,0.126207,8.09436162e-04,3.26363351e-01,TS
4,4000.166894,0.126207,7.79011604e-04,3.26363733e-01,TS
4,4500.000000,0.126207,7.68101384e-04,3.26361610e-01,TS
4,300.000000,0.133793,-2.69669225e-03,3.61192786e-01,TS
4,337.485919,0.133793,-2.18078913e-03,3.61079139e-01,TS
4,379.655818,0.133793,-1.70373496e-03,3.60951027e-01,TS
4,427.094976,0.133793,-1.26302755e-03,3.60806896e-01,TS
4,480.461801,0.133793,-8.57558256e-04,3.60645322e-01,TS
4,540.496975,0.133793,-4.87695240e-04,3.60465343e-01,TS
4,608.033727,0.133793,-1.55283918e-04,3.60266917e-01,TS
4,684.009404,0.133793,1.36535053e-04,3.60051451e-01,TS
4,769.478474,0.133793,3.83793142e-04,3.59822347e-01,TS
4,865.627167,0.133793,5.82512646e-04,3.59585397e-01,TS
4,973.789933,0.133793,7.29856421e-04,3.59348848e-01,TS
4,1095.467968,0.133793,8.25446808e-04,3.59122914e-01,TS
4,1232.350046,0.133793,8.72526011e-04,3.58918594e-01,TS
4,1386.335959,0.133793,8.78510289e-04,3.58745865e-01,TS
4,1559.562883,0.133793,8.54529939e-04,3.58611623e-01,TS
4,1754.435043,0.133793,8.13837379e-04,3.58518035e-01,TS
4,1973.657075,0.133793,7.69454770e-04,3.58461973e-01,TS
4,2220.271572,0.133793,7.31851375e-04,3.58435824e-01,TS
4,2497.701306,0.133793,7.07462056e-04,3.58429379e-01,TS
4,2809.796735,0.133793,6.98427664e-04,3.58432046e-01,TS
4,3160.889444,0.133793,7.03374969e-04,3.58434679e-01,TS
4,3555.852262,0.133793,7.18736089e-04,3.58430657e-01,TS
4,4000.166894,0.133793,8.14923349e-04,2.11860957e-01,TS
4,4500.000000,0.133793,8.83007501e-04,2.11605833e-01,TS
4,300.000000,0.141379,-2.24913944e-03,3.89219491e-01,TS
4,337.485919,0.141379,-1.76642306e-03,3.89078584e-01,TS
4,379.655818,0.141379,-1.32694423e-03,3.88920861e-01,TS
4,427.094976,0.141379,-9.30325187e-04,3.88745837e-01,TS
4,480.461801,0.141379,-5.77546645e-04,3.88554054e-01,TS
4,540.496975,0.141379,-2.70644844e-04,3.88347607e-01,TS
4,608.033727,0.141379,-1.21413223e-05,3.88130614e-01,TS
4,684.009404,0.141379,1.95825916e-04,3.87909470e-01,TS
4,769.478474,0.141379,3.52601111e-04,3.87692668e-01,TS
4,865.627167,0.141379,4.60126974e-04,3.87490042e-01,TS
4,973.789933,0.141379,5.23728514e-04,3.87311393e-01,TS
4,1095.467968,0.141379,5.52172119e-04,3.87164710e-01,TS
4,1232.350046,0.141379,5.56757224e-04,3.87054463e-01,TS
4,1386.335959,0.141379,5.49553972e-04,3.86980579e-01,TS
4,1559.562883,0.141379,5.41312278e-04,3.86938524e-01,TS
4,1754.435043,0.141379,5.39761673e-04,3.86920500e-01,TS
4,1973.657075,0.141379,5.48831910e-04,3.86917258e-01,TS
4,2220.271572,0.141379,5.68878692e-04,3.86919899e-01,TS
4,2497.701306,0.141379,6.63192970e-04,2.48376098e-01,TS
4,2809.796735,0.141379,7.29072720e-04,2.48151018e-01,TS
4,3160.889444,0.141379,7.49382318e-04,2.47928456e-01,TS
4,3555.852262,0.141379,7.26565166e-04,2.47719531e-01,TS
4,4000.166894,0.141379,7.25832405e-04,3.86847078e-01,TS
4,4500.000000,0.141379,7.48229801e-04,3.86808745e-01,TS
4,300.000000,0.148966,-1.96405663e-03,4.14234087e-01,TS
4,337.485919,0.148966,-1.52290581e-03,4.14069659e-01,TS
4,379.655818,0.148966,-1.13146669e-03,4.13890048e-01,TS
4,427.094976,0.148966,-7.90463229e-04,4.13697357e-01,TS
4,480.461801,0.148966,-5.01041053e-04,4.13495526e-01,TS
4,540.496975,0.148966,-2.63934620e-04,4.13290537e-01,TS
4,608.033727,0.148966,-7.84725116e-05,4.13090212e-01,TS
4,684.009404,0.148966,5.83721528e-05,4.12903468e-01,TS
4,769.478474,0.148966,1.52572217e-04,4.12739031e-01,TS
4,865.627167,0.148966,2.12955528e-04,4.12603836e-01,TS
4,973.789933,0.148966,2.50272918e-04,4.12501572e-01,TS
4,1095.467968,0.148966,2.75588098e-04,4.12431895e-01,TS
4,1232.350046,0.148966,2.98480437e-04,4.12390623e-01,TS
4,1386.335959,0.148966,3.25663670e-04,4.12370847e-01,TS
4,1559.562883,0.148966,3.60421255e-04,4.12364519e-01,TS
4,1754.435043,0.148966,4.38543545e-04,2.81127396e-01,TS
4,1973.657075,0.148966,5.10587413e-04,2.80928238e-01,TS
4,2220.271572,0.148966,5.37452568e-04,2.80740217e-01,TS
4,2497.701306,0.148966,5.49525251e-04,4.12344819e-01,TS
4,2809.796735,0.148966,5.93457661e-04,4.12324940e-01,TS
4,3160.889444,0.148966,6.30803994e-04,4.12298442e-01,TS
4,3555.852262,0.148966,6.60941210e-04,4.12266689e-01,TS
4,4000.166894,0.148966,6.84505515e-04,4.12231122e-01,TS
4,4500.000000,0.148966,7.03050030e-04,4.12192871e-01,TS
4,300.000000,0.156552,-1.81557331e-03,4.36679195e-01,TS
4,337.485919,0.156552,-1.42206912e-03,4.36501748e-01,TS
4,379.655818,0.156552,-1.08376178e-03,4.36315430e-01,TS
4,427.094976,0.156552,-8.00341775e-04,4.36125329e-01,TS
4,480.461801,0.156552,-5.70440111e-04,4.35938205e-01,TS
4,540.496975,0.156552,-3.90749383e-04,4.35761916e-01,TS
4,608.033727,0.156552,-2.55446222e-04,4.35604349e-01,TS
4,684.009404,0.156552,-1.56198810e-04,4.35472038e-01,TS
4,769.478474,0.156552,-8.29120752e-05,4.35368846e-01,TS
4,865.627167,0.156552,-2.50948832e-05,4.35295157e-01,TS
4,973.789933,0.156552,2.65518392e-05,4.35247910e-01,TS
4,1095.467968,0.156552,7.88460464e-05,4.35221452e-01,TS
4,1232.350046,0.156552,1.35512361e-04,4.35208872e-01,TS
4,1386.335959,0.156552,1.98030559e-04,3.10600715e-01,TS
4,1559.562883,0.156552,2.64254532e-04,3.10430147e-01,TS
4,1754.435043,0.156552,3.28924408e-04,4.35192400e-01,TS
4,1973.657075,0.156552,3.92562989e-04,4.35180670e-01,TS
4,2220.271572,0.156552,4.50702151e-04,4.35163322e-01,TS
4,2497.701306,0.156552,5.01272287e-04,4.35140798e-01,TS
4,2809.796735,0.156552,5.43367902e-04,4.35114139e-01,TS
4,3160.889444,0.156552,5.77245997e-04,4.35084475e-01,TS
4,3555.852262,0.156552,6.04082301e-04,4.35052631e-01,TS
4,4000.166894,0.156552,6.25583492e-04,4.35018970e-01,TS
4,4500.000000,0.156552,6.43590618e-04,4.34983468e-01,TS
4,300.000000,0.164138,-3.87987327e-03,3.38998689e-01,TS
4,337.485919,0.164138,-3.32298643e-03,3.38895541e-01,TS
4,379.655818,0.164138,-2.81336682e-03,3.38784187e-01,TS
4,427.094976,0.164138,-2.34711181e-03,3.38663406e-01,TS
4,480.461801,0.164138,-1.92162277e-03,3.38532094e-01,TS
4,540.496975,0.164138,-1.53566065e-03,3.38389484e-01,TS
4,608.033727,0.164138,-1.18932314e-03,3.38235446e-01,TS
4,684.009404,0.164138,-8.83868921e-04,3.38070877e-01,TS
4,769.478474,0.164138,-6.21313587e-04,3.37898110e-01,TS
4,865.627167,0.164138,-4.03749601e-04,3.37721233e-01,TS
4,973.789933,0.164138,-2.32412548e-04,3.37546149e-01,TS
4,1095.467968,0.164138,-1.06633931e-04,3.37380184e-01,TS
4,1232.350046,0.164138,-2.29620729e-05,3.37231127e-01,TS
4,1386.335959,0.164138,2.51778254e-05,3.37105794e-01,TS
4,1559.562883,0.164138,4.69830028e-05,3.37008468e-01,TS
4,1754.435043,0.164138,5.29182346e-05,3.36939776e-01,TS
4,1973.657075,0.164138,5.28991983e-05,3.36896491e-01,TS
4,2220.271572,0.164138,5.46686263e-05,3.36872373e-01,TS
4,2497.701306,0.164138,6.29192223e-05,3.36859689e-01,TS
4,2809.796735,0.164138,1.38809784e-04,2.17830987e-01,TS
4,3160.889444,0.164138,2.36434836e-04,2.17641791e-01,TS
4,3555.852262,0.164138,3.00093386e-04,2.17443519e-01,TS
4,4000.166894,0.164138,3.28509619e-04,2.17244379e-01,TS
4,4500.000000,0.164138,3.23357647e-04,2.17054663e-01,TS
4,300.000000,0.171724,-3.54986732e-03,3.63133430e-01,TS
4,337.485919,0.171724,-3.01763792e-03,3.63014134e-01,TS
4,379.655818,0.171724,-2.53498988e-03,3.62884751e-01,TS
4,427.094976,0.171724,-2.09949434e-03,3.62744716e-01,TS
4,480.461801,0.171724,-1.71003283e-03,3.62594173e-01,TS
4,540.496975,0.171724,-1.36660043e-03,3.62434343e-01,TS
4,608.033727,0.171724,-1.06989430e-03,3.62267875e-01,TS
4,684.009404,0.171724,-8.20649562e-04,3.62099062e-01,TS
4,769.478474,0.171724,-6.18764680e-04,3.61933777e-01,TS
4,865.627167,0.171724,-4.62376578e-04,3.61778976e-01,TS
4,973.789933,0.171724,-3.47165953e-04,3.61641711e-01,TS
4,1095.467968,0.171724,-2.66217981e-04,3.61527799e-01,TS
4,1232.350046,0.171724,-2.10646746e-04,3.61440503e-01,TS
4,1386.335959,0.171724,-1.70902066e-04,3.61379720e-01,TS
4,1559.562883,0.171724,-1.38345314e-04,3.61342017e-01,TS
4,1754.435043,0.171724,-1.06532116e-04,3.61321513e-01,TS
4,1973.657075,0.171724,-5.53354100e-05,2.47555022e-01,TS
4,2220.271572,0.171724,4.92215063e-05,2.47384097e-01,TS
4,2497.701306,0.171724,1.14615978e-04,2.47210982e-01,TS
4,2809.796735,0.171724,1.42039266e-04,2.47043553e-01,TS
4,3160.889444,0.171724,1.36223664e-04,2.46890388e-01,TS
4,3555.852262,0.171724,1.32770014e-04,3.61228390e-01,TS
4,4000.166894,0.171724,1.68243797e-04,3.61190830e-01,TS
4,4500.000000,0.171724,2.00037464e-04,3.61147822e-01,TS
4,300.000000,0.179310,-3.31239130e-03,3.85130130e-01,TS
4,337.485919,0.179310,-2.80969479e-03,3.84995915e-01,TS
4,379.655818,0.179310,-2.36038283e-03,3.84852041e-01,TS
4,427.094976,0.179310,-1.96297348e-03,3.84699567e-01,TS
4,480.461801,0.179310,-1.61674518e-03,3.84540867e-01,TS
4,540.496975,0.179310,-1.32115495e-03,3.84379838e-01,TS
4,608.033727,0.179310,-1.07507442e-03,3.84221835e-01,TS
4,684.009404,0.179310,-8.75976547e-04,3.84073227e-01,TS
4,769.478474,0.179310,-7.19314161e-04,3.83940508e-01,TS
4,865.627167,0.179310,-5.98373717e-04,3.83829115e-01,TS
4,973.789933,0.179310,-5.04788419e-04,3.83742256e-01,TS
4,1095.467968,0.179310,-4.29648608e-04,3.83680164e-01,TS
4,1232.350046,0.179310,-3.64863697e-04,3.83640088e-01,TS
4,1386.335959,0.179310,-3.04297377e-04,3.83617011e-01,TS
4,1559.562883,0.179310,-2.44319670e-04,3.83604815e-01,TS
4,1754.435043,0.179310,-1.50940060e-04,2.74531161e-01,TS
4,1973.657075,0.179310,-8.95501340e-05,2.74385170e-01,TS
4,2220.271572,0.179310,-6.34616658e-05,2.74253962e-01,TS
4,2497.701306,0.179310,-8.71613575e-06,3.83560632e-01,TS
4,2809.796735,0.179310,4.13663296e-05,3.83536223e-01,TS
4,3160.889444,0.179310,8.52520112e-05,3.83505387e-01,TS
4,3555.852262,0.179310,1.22967613e-04,3.83469176e-01,TS
4,4000.166894,0.179310,1.55438365e-04,3.83428944e-01,TS
4,4500.000000,0.179310,1.84229044e-04,3.83386025e-01,TS
4,300.000000,0.186897,-3.15669816e-03,4.05248865e-01,TS
4,337.485919,0.186897,-2.68767320e-03,4.05104963e-01,TS
4,379.655818,0.186897,-2.27568766e-03,4.04954761e-01,TS
4,427.094976,0.186897,-1.91895505e-03,4.04801388e-01,TS
4,480.461801,0.186897,-1.61545633e-03,4.04649356e-01,TS
4,540.496975,0.186897,-1.36221708e-03,4.04504263e-01,TS
4,608.033727,0.186897,-1.15470134e-03,4.04372095e-01,TS
4,684.009404,0.186897,-9.86562420e-04,4.04258204e-01,TS
4,769.478474,0.186897,-8.49940228e-04,4.04166230e-01,TS
4,865.627167,0.186897,-7.36312075e-04,4.04097296e-01,TS
4,973.789933,0.186897,-6.37656915e-04,4.04049798e-01,TS
4,1095.467968,0.186897,-5.47534879e-04,4.04019874e-01,TS
4,1232.350046,0.186897,-4.61728849e-04,4.04002331e-01,TS
4,1386.335959,0.186897,-3.78313161e-04,4.03991712e-01,TS
4,1559.562883,0.186897,-2.97250277e-04,4.03983157e-01,TS
4,1754.435043,0.186897,-2.19735273e-04,4.03972941e-01,TS
4,1973.657075,0.186897,-1.47494554e-04,4.03958663e-01,TS
4,2220.271572,0.186897,-8.21704195e-05,4.03939183e-01,TS
4,2497.701306,0.186897,-2.48585152e-05,4.03914371e-01,TS
4,2809.796735,0.186897,2.41659229e-05,4.03884775e-01,TS
4,3160.889444,0.186897,6.55121785e-05,4.03851250e-01,TS
4,3555.852262,0.186897,1.00533739e-04,4.03814658e-01,TS
4,4000.166894,0.186897,1.31033641e-04,4.03775700e-01,TS
4,4500.000000,0.186897,1.58909503e-04,4.03734904e-01,TS
4,300.000000,0.194483,-3.07069121e-03,4.23714918e-01,TS
4,337.485919,0.194483,-2.63658298e-03,4.23569290e-01,TS
4,379.655818,0.194483,-2.26120620e-03,4.23423039e-01,TS
4,427.094976,0.194483,-1.94113733e-03,4.23280793e-01,TS
4,480.461801,0.194483,-1.67187005e-03,4.23147870e-01,TS
4,540.496975,0.194483,-1.44743644e-03,4.23029490e-01,TS
4,608.033727,0.194483,-1.26045453e-03,4.22929792e-01,TS
4,684.009404,0.194483,-1.10268192e-03,4.22850971e-01,TS
4,769.478474,0.194483,-9.65955739e-04,4.22792817e-01,TS
4,865.627167,0.194483,-8.43217015e-04,4.22752850e-01,TS
4,973.789933,0.194483,-7.29275388e-04,4.22726972e-01,TS
4,1095.467968,0.194483,-6.21101432e-04,4.22710387e-01,TS
4,1232.350046,0.194483,-5.17644512e-04,4.22698466e-01,TS
4,1386.335959,0.194483,-4.19330326e-04,4.22687375e-01,TS
4,1559.562883,0.194483,-3.27431805e-04,4.22674385e-01,TS
4,1754.435043,0.194483,-2.43461758e-04,4.22657918e-01,TS
4,1973.657075,0.194483,-1.68672176e-04,4.22637392e-01,TS
4,2220.271572,0.194483,-1.03704593e-04,4.22612948e-01,TS
4,2497.701306,0.194483,-4.84183414e-05,4.22585108e-01,TS
4,2809.796735,0.194483,-1.90612775e-06,4.22554468e-01,TS
4,3160.889444,0.194483,3.73272819e-05,4.22521469e-01,TS
4,3555.852262,0.194483,7.10893628e-05,4.22486336e-01,TS
4,4000.166894,0.194483,1.01216202e-04,4.22449159e-01,TS
4,4500.000000,0.194483,1.29355887e-04,4.22410058e-01,TS
4,300.000000,0.202069,-3.03998775e-03,4.40721706e-01,TS
4,337.485919,0.202069,-2.63814371e-03,4.40582749e-01,TS
4,379.655818,0.202069,-2.29377650e-03,4.40449503e-01,TS
4,427.094976,0.202069,-2.00121406e-03,4.40326773e-01,TS
4,480.461801,0.202069,-1.75353906e-03,4.40218952e-01,TS
4,540.496975,0.202069,-1.54281990e-03,4.40129165e-01,TS
4,608.033727,0.202069,-1.36076996e-03,4.40058611e-01,TS
4,684.009404,0.202069,-1.19965109e-03,4.40006347e-01,TS
4,769.478474,0.202069,-1.05312234e-03,4.39969594e-01,TS
4,865.627167,0.202069,-9.16764146e-04,4.39944426e-01,TS
4,973.789933,0.202069,-7.88163787e-04,4.39926590e-01,TS
4,1095.467968,0.202069,-6.66622033e-04,4.39912207e-01,TS
4,1232.350046,0.202069,-5.52639151e-04,4.39898226e-01,TS
4,1386.335959,0.202069,-4.47339635e-04,4.39882612e-01,TS
4,1559.562883,0.202069,-3.51945386e-04,4.39864309e-01,TS
4,1754.435043,0.202069,-2.67358780e-04,4.39843057e-01,TS
4,1973.657075,0.202069,-1.93890203e-04,4.39819102e-01,TS
4,2220.271572,0.202069,-1.31150517e-04,4.39792890e-01,TS
4,2497.701306,0.202069,-7.81074235e-05,4.39764792e-01,TS
4,2809.796735,0.202069,-3.32688270e-05,4.39734949e-01,TS
4,3160.889444,0.202069,5.07822103e-06,4.39703262e-01,TS
4,3555.852262,0.202069,3.86524155e-05,4.39669517e-01,TS
4,4000.166894,0.202069,6.90369511e-05,4.39633567e-01,TS
4,4500.000000,0.202069,9.76138134e-05,4.39595504e-01,TS
4,300.000000,0.209655,-4.43298129e-03,3.64486910e-01,TS
4,337.485919,0.209655,-3.85566436e-03,3.64370676e-01,TS
4,379.655818,0.209655,-3.33920944e-03,3.64248507e-01,TS
4,427.094976,0.209655,-2.88030035e-03,3.64121094e-01,TS
4,480.461801,0.209655,-2.47654260e-03,3.63990129e-01,TS
4,540.496975,0.209655,-2.12599022e-03,3.63858464e-01,TS
4,608.033727,0.209655,-1.82651192e-03,3.63730069e-01,TS
4,684.009404,0.209655,-1.57510128e-03,3.63609701e-01,TS
4,769.478474,0.209655,-1.36732739e-03,3.63502230e-01,TS
4,865.627167,0.209655,-1.19715990e-03,3.63411718e-01,TS
4,973.789933,0.209655,-1.05732446e-03,3.63340487e-01,TS
4,1095.467968,0.209655,-9.40142992e-04,3.63288534e-01,TS
4,1232.350046,0.209655,-8.38581952e-04,3.63253515e-01,TS
4,1386.335959,0.209655,-7.47126298e-04,3.63231316e-01,TS
4,1559.562883,0.209655,-6.62198561e-04,3.63216964e-01,TS
4,1754.435043,0.209655,-5.82072641e-04,3.63205559e-01,TS
4,1973.657075,0.209655,-5.06428284e-04,3.63192964e-01,TS
4,2220.271572,0.209655,-4.35757774e-04,3.63176196e-01,TS
4,2497.701306,0.209655,-3.70793266e-04,3.63153534e-01,TS
4,2809.796735,0.209655,-3.12049316e-04,3.63124435e-01,TS
4,3160.889444,0.209655,-2.59524631e-04,3.63089318e-01,TS
4,3555.852262,0.209655,-2.12585686e-04,3.63049276e-01,TS
4,4000.166894,0.209655,-1.70038820e-04,3.63005762e-01,TS
4,4500.000000,0.209655,-1.30364600e-04,3.62960305e-01,TS
4,300.000000,0.217241,-4.28460023e-03,3.82563457e-01,TS
4,337.485919,0.217241,-3.73420260e-03,3.82440466e-01,TS
4,379.655818,0.217241,-3.24695227e-03,3.82313678e-01,TS
4,427.094976,0.217241,-2.81945266e-03,3.82185266e-01,TS
4,480.461801,0.217241,-2.44851893e-03,3.82058502e-01,TS
4,540.496975,0.217241,-2.13057308e-03,3.81937556e-01,TS
4,608.033727,0.217241,-1.86108995e-03,3.81826988e-01,TS
4,684.009404,0.217241,-1.63429246e-03,3.81730972e-01,TS
4,769.478474,0.217241,-1.44327083e-03,3.81652431e-01,TS
4,865.627167,0.217241,-1.28056192e-03,3.81592357e-01,TS
4,973.789933,0.217241,-1.13902153e-03,3.81549574e-01,TS
4,1095.467968,0.217241,-1.01267727e-03,3.81521047e-01,TS
4,1232.350046,0.217241,-8.97266348e-04,3.81502584e-01,TS
4,1386.335959,0.217241,-7.90328797e-04,3.81489674e-01,TS
4,1559.562883,0.217241,-6.90919761e-04,3.81478204e-01,TS
4,1754.435043,0.217241,-5.99109794e-04,3.81464918e-01,TS
4,1973.657075,0.217241,-5.15439403e-04,3.81447614e-01,TS
4,2220.271572,0.217241,-4.40436520e-04,3.81425138e-01,TS
4,2497.701306,0.217241,-3.74253043e-04,3.81397233e-01,TS
4,2809.796735,0.217241,-3.16450737e-04,3.81364315e-01,TS
4,3160.889444,0.217241,-2.65956173e-04,3.81327210e-01,TS
4,3555.852262,0.217241,-2.21185533e-04,3.81286913e-01,TS
4,4000.166894,0.217241,-1.80303059e-04,3.81244430e-01,TS
4,4500.000000,0.217241,-1.41535394e-04,3.81200704e-01,TS
4,300.000000,0.224828,-4.18364414e-03,3.99364394e-01,TS
4,337.485919,0.224828,-3.66114844e-03,3.99239635e-01,TS
4,379.655818,0.224828,-3.20293780e-03,3.99114869e-01,TS
4,427.094976,0.224828,-2.80460928e-03,3.98993455e-01,TS
4,480.461801,0.224828,-2.46130407e-03,3.98879419e-01,TS
4,540.496975,0.224828,-2.16730439e-03,3.98776878e-01,TS
4,608.033727,0.224828,-1.91592828e-03,3.98689267e-01,TS
4,684.009404,0.224828,-1.69982594e-03,3.98618599e-01,TS
4,769.478474,0.224828,-1.51162719e-03,3.98565014e-01,TS
4,865.627167,0.224828,-1.34472681e-03,3.98526772e-01,TS
4,973.789933,0.224828,-1.19392631e-03,3.98500694e-01,TS
4,1095.467968,0.224828,-1.05573012e-03,3.98482864e-01,TS
4,1232.350046,0.224828,-9.28260083e-04,3.98469338e-01,TS
4,1386.335959,0.224828,-8.10892263e-04,3.98456693e-01,TS
4,1559.562883,0.224828,-7.03769609e-04,3.98442332e-01,TS
4,1754.435043,0.224828,-6.07316150e-04,3.98424580e-01,TS
4,1973.657075,0.224828,-5.21826878e-04,3.98402614e-01,TS
4,2220.271572,0.224828,-4.47171570e-04,3.98376290e-01,TS
4,2497.701306,0.224828,-3.82636614e-04,3.98345920e-01,TS
4,2809.796735,0.224828,-3.26919384e-04,3.98312040e-01,TS
4,3160.889444,0.224828,-2.78267536e-04,3.98275235e-01,TS
4,3555.852262,0.224828,-2.34720771e-04,3.98236061e-01,TS
4,4000.166894,0.224828,-1.94383425e-04,3.98195058e-01,TS
4,4500.000000,0.224828,-1.55652935e-04,3.98152831e-01,TS
4,300.000000,0.232414,-4.12210293e-03,4.15018360e-01,TS
4,337.485919,0.232414,-3.62611150e-03,4.14897402e-01,TS
4,379.655818,0.232414,-3.19365293e-03,4.14780912e-01,TS
4,427.094976,0.232414,-2.81878587e-03,4.14672595e-01,TS
4,480.461801,0.232414,-2.49487141e-03,4.14576056e-01,TS
4,540.496975,0.232414,-2.21460073e-03,4.14494091e-01,TS
4,608.033727,0.232414,-1.97037478e-03,4.14428081e-01,TS
4,684.009404,0.232414,-1.75493813e-03,4.14377694e-01,TS
4,769.478474,0.232414,-1.56204990e-03,4.14341002e-01,TS
4,865.627167,0.232414,-1.38695836e-03,4.14314958e-01,TS
4,973.789933,0.232414,-1.22654624e-03,4.14296034e-01,TS
4,1095.467968,0.232414,-1.07915803e-03,4.14280818e-01,TS
4,1232.350046,0.232414,-9.44220054e-04,4.14266441e-01,TS
4,1386.335959,0.232414,-8.21784507e-04,4.14250786e-01,TS
4,1559.562883,0.232414,-7.12095293e-04,4.14232532e-01,TS
4,1754.435043,0.232414,-6.15231228e-04,4.14211052e-01,TS
4,1973.657075,0.232414,-5.30856480e-04,4.14186236e-01,TS
4,2220.271572,0.232414,-4.58097778e-04,4.14158278e-01,TS
4,2497.701306,0.232414,-3.95556920e-04,4.14127469e-01,TS
4,2809.796735,0.232414,-3.41444076e-04,4.14094070e-01,TS
4,3160.889444,0.232414,-2.93787024e-04,4.14058276e-01,TS
4,3555.852262,0.232414,-2.50653354e-04,4.14020291e-01,TS
4,4000.166894,0.232414,-2.10330621e-04,4.13980433e-01,TS
4,4500.000000,0.232414,-1.71438359e-04,4.13939239e-01,TS
4,300.000000,0.240000,-4.09074793e-03,4.29637446e-01,TS
4,337.485919,0.240000,-3.61762731e-03,4.29525026e-01,TS
4,379.655818,0.240000,-3.20541097e-03,4.29421062e-01,TS
4,427.094976,0.240000,-2.84672560e-03,4.29328667e-01,TS
4,480.461801,0.240000,-2.53377992e-03,4.29250136e-01,TS
4,540.496975,0.240000,-2.25876744e-03,4.29186439e-01,TS
4,608.033727,0.240000,-2.01445436e-03,4.29137026e-01,TS
4,684.009404,0.240000,-1.79474911e-03,4.29099995e-01,TS
4,769.478474,0.240000,-1.59506216e-03,4.29072544e-01,TS
4,865.627167,0.240000,-1.41236588e-03,4.29051541e-01,TS
4,973.789933,0.240000,-1.24498668e-03,4.29034031e-01,TS
4,1095.467968,0.240000,-1.09223391e-03,4.29017572e-01,TS
4,1232.350046,0.240000,-9.53977551e-04,4.29000402e-01,TS
4,1386.335959,0.240000,-8.30254570e-04,4.28981440e-01,TS
4,1559.562883,0.240000,-7.20949454e-04,4.28960183e-01,TS
4,1754.435043,0.240000,-6.25574761e-04,4.28936527e-01,TS
4,1973.657075,0.240000,-5.43168285e-04,4.28910568e-01,TS
4,2220.271572,0.240000,-4.72310425e-04,4.28882420e-01,TS
4,2497.701306,0.240000,-4.11242391e-04,4.28852105e-01,TS
4,2809.796735,0.240000,-3.58040745e-04,4.28819555e-01,TS
4,3160.889444,0.240000,-3.10793354e-04,4.28784694e-01,TS
4,3555.852262,0.240000,-2.67735701e-04,4.28747577e-01,TS
4,4000.166894,0.240000,-2.27336438e-04,4.28708501e-01,TS
4,4500.000000,0.240000,-1.88346518e-04,4.28668054e-01,TS
6,300.000000,0.020000,-1.30215239e-02,-1.27925860e-01,TS
6,337.485919,0.020000,-1.45751654e-02,-1.29218776e-01,TS
6,379.655818,0.020000,-1.60210026e-02,-1.30711344e-01,TS
6,427.094976,0.020000,-1.62093263e-02,3.11843258e-01,TS
6,480.461801,0.020000,-1.35580813e-02,3.13536447e-01,TS
6,540.496975,0.020000,-1.12628270e-02,3.14918194e-01,TS
6,608.033727,0.020000,-9.26186604e-03,3.16045796e-01,TS
6,684.009404,0.020000,-7.50255815e-03,3.16962994e-01,TS
6,769.478474,0.020000,-5.94021089e-03,3.17704057e-01,TS
6,865.627167,0.020000,-4.53707446e-03,3.18296249e-01,TS
6,973.789933,0.020000,-3.26145876e-03,3.18761374e-01,TS
6,1095.467968,0.020000,-2.08697620e-03,3.19116798e-01,TS
6,1232.350046,0.020000,-9.91907392e-04,3.19376161e-01,TS
6,1386.335959,0.020000,4.13235356e-05,3.19549907e-01,TS
6,1559.562883,0.020000,1.02658475e-03,3.19645708e-01,TS
6,1754.435043,0.020000,1.97440777e-03,3.19668824e-01,TS
6,1973.657075,0.020000,2.89230740e-03,3.19622412e-01,TS
6,2220.271572,0.020000,3.78505616e-03,3.19507830e-01,TS
6,2497.701306,0.020000,4.65489577e-03,3.19324913e-01,TS
6,2809.796735,0.020000,5.50167083e-03,3.19072280e-01,TS
6,3160.889444,0.020000,6.32286870e-03,3.18747686e-01,TS
6,3555.852262,0.020000,7.11358647e-03,3.18348472e-01,TS
6,4000.166894,0.020000,7.86647862e-03,3.17872159e-01,TS
6,4500.000000,0.020000,8.57177849e-03,3.17317204e-01,TS
6,300.000000,0.027586,-9.04080911e-03,-3.90208159e-01,TS
6,337.485919,0.027586,-8.69133935e-03,-3.90706590e-01,TS
6,379.655818,0.027586,-8.35709349e-03,-3.91206404e-01,TS
6,427.094976,0.027586,-8.03575440e-03,-3.91703008e-01,TS
6,480.461801,0.027586,-7.72568071e-03,-3.92192625e-01,TS
6,540.496975,0.027586,-7.42581694e-03,-3.92672167e-01,TS
6,608.033727,0.027586,-7.13562587e-03,-3.93139164e-01,TS
6,684.009404,0.027586,-6.85501026e-03,-3.93591744e-01,TS
6,769.478474,0.027586,-6.58421223e-03,-3.94028628e-01,TS
6,865.627167,0.027586,-6.32369525e-03,-3.94449107e-01,TS
6,973.789933,0.027586,-6.07402339e-03,-3.94853012e-01,TS
6,1095.467968,0.027586,-5.83575177e-03,-3.95240644e-01,TS
6,1232.350046,0.027586,-5.33177982e-03,2.19823917e-01,TS
6,1386.335959,0.027586,-4.70835406e-03,2.19787840e-01,TS
6,1559.562883,0.027586,-4.12799367e-03,2.19733481e-01,TS
6,1754.435043,0.027586,-3.58399097e-03,2.19665298e-01,TS
6,1973.657075,0.027586,-3.07046625e-03,2.19586431e-01,TS
6,2220.271572,0.027586,-2.58222202e-03,2.19498883e-01,TS
6,2497.701306,0.027586,-2.11463062e-03,2.19403662e-01,TS
6,2809.796735,0.027586,-1.66354878e-03,2.19300882e-01,TS
6,3160.889444,0.027586,-1.22525478e-03,2.19189847e-01,TS
6,3555.852262,0.027586,-7.96408935e-04,2.19069125e-01,TS
6,4000.166894,0.027586,-3.74038644e-04,2.18936613e-01,TS
6,4500.000000,0.027586,4.44451944e-05,2.18789612e-01,TS
6,300.000000,0.035172,-3.81662340e-03,3.71467407e-01,TS
6,337.485919,0.035172,-2.93054942e-03,3.71910222e-01,TS
6,379.655818,0.035172,-2.14652022e-03,3.72281291e-01,TS
6,427.094976,0.035172,-1.44595958e-03,3.72587709e-01,TS
6,480.461801,0.035172,-8.12927248e-04,3.72835579e-01,TS
6,540.496975,0.035172,-2.33966162e-04,3.73030079e-01,TS
6,608.033727,0.035172,3.02067697e-04,3.73175506e-01,TS
6,684.009404,0.035172,8.04183517e-04,3.73275307e-01,TS
6,769.478474,0.035172,1.27943045e-03,3.73332111e-01,TS
6,865.627167,0.035172,1.73305699e-03,3.73347754e-01,TS
6,973.789933,0.035172,2.16863931e-03,3.73323300e-01,TS
6,1095.467968,0.035172,2.58816046e-03,3.73259074e-01,TS
6,1232.350046,0.035172,2.99201682e-03,3.73154722e-01,TS
6,1386.335959,0.035172,3.37895068e-03,3.73009362e-01,TS
6,1559.562883,0.035172,3.74592989e-03,3.72821871e-01,TS
6,1754.435043,0.035172,4.08803720e-03,3.72591342e-01,TS
6,1973.657075,0.035172,4.39847085e-03,3.72317754e-01,TS
6,2220.271572,0.035172,4.66877534e-03,3.72002767e-01,TS
6,2497.701306,0.035172,4.88941306e-03,3.71650584e-01,TS
6,2809.796735,0.035172,5.05074390e-03,3.71268692e-01,TS
6,3160.889444,0.035172,5.14440204e-03,3.70868273e-01,TS
6,3555.852262,0.035172,5.16496447e-03,3.70464092e-01,TS
6,4000.166894,0.035172,5.11168281e-03,3.70073649e-01,TS
6,4500.000000,0.035172,4.98992758e-03,3.69715493e-01,TS
6,300.000000,0.042759,-5.44846327e-03,2.94429961e-01,TS
6,337.485919,0.042759,-4.74517095e-03,2.94667844e-01,TS
6,379.655818,0.042759,-4.11906867e-03,2.94852768e-01,TS
6,427.094976,0.042759,-3.55755979e-03,2.94993848e-01,TS
6,480.461801,0.042759,-3.04980339e-03,2.95098750e-01,TS
6,540.496975,0.042759,-2.58654443e-03,2.95173882e-01,TS
6,608.033727,0.042759,-2.15995488e-03,2.95224539e-01,TS
6,684.009404,0.042759,-1.76348524e-03,2.95254993e-01,TS
6,769.478474,0.042759,-1.39172161e-03,2.95268554e-01,TS
6,865.627167,0.042759,-1.04024435e-03,2.95267621e-01,TS
6,973.789933,0.042759,-7.05491603e-04,2.95253722e-01,TS
6,1095.467968,0.042759,-3.84634892e-04,2.95227568e-01,TS
6,1232.350046,0.042759,-7.54759585e-05,2.95189114e-01,TS
6,1386.335959,0.042759,2.23626472e-04,2.95137616e-01,TS
6,1559.562883,0.042759,5.13790349e-04,2.95071702e-01,TS
6,1754.435043,0.042759,7.95596501e-04,2.94989426e-01,TS
6,1973.657075,0.042759,1.06901961e-03,2.94888345e-01,TS
6,2220.271572,0.042759,1.33330221e-03,2.94765623e-01,TS
6,2497.701306,0.042759,1.58678198e-03,2.94618210e-01,TS
6,2809.796735,0.042759,1.82670198e-03,2.94443139e-01,TS
6,3160.889444,0.042759,2.04905799e-03,2.94237966e-01,TS
6,3555.852262,0.042759,2.24856002e-03,2.94001374e-01,TS
6,4000.166894,0.042759,2.41879956e-03,2.93733910e-01,TS
6,4500.000000,0.042759,2.55271150e-03,2.93438751e-01,TS
6,300.000000,0.050345,-1.98474346e-03,3.92487739e-01,TS
6,337.485919,0.050345,-1.48686535e-03,3.92610112e-01,TS
6,379.655818,0.050345,-1.03444503e-03,3.92702232e-01,TS
6,427.094976,0.050345,-6.19488489e-04,3.92766034e-01,TS
6,480.461801,0.050345,-2.35433302e-04,3.92803143e-01,TS
6,540.496975,0.050345,1.22945440e-04,3.92814851e-01,TS
6,608.033727,0.050345,4.59604292e-04,3.92802089e-01,TS
6,684.009404,0.050345,7.77277061e-04,3.92765394e-01,TS
6,769.478474,0.050345,1.07747895e-03,3.92704893e-01,TS
6,865.627167,0.050345,1.36047312e-03,3.92620345e-01,TS
6,973.789933,0.050345,1.62521030e-03,3.92511277e-01,TS
6,1095.467968,0.050345,1.86927748e-03,3.92377264e-01,TS
6,1232.350046,0.050345,2.08892124e-03,3.92218365e-01,TS
6,1386.335959,0.050345,2.27922983e-03,3.92035676e-01,TS
6,1559.562883,0.050345,2.43456226e-03,3.91831941e-01,TS
6,1754.435043,0.050345,2.54928366e-03,3.91612074e-01,TS
6,1973.657075,0.050345,2.61880055e-03,3.91383408e-01,TS
6,2220.271572,0.050345,2.64078506e-03,3.91155489e-01,TS
6,2497.701306,0.050345,2.61635118e-03,3.90939249e-01,TS
6,2809.796735,0.050345,2.55083622e-03,3.90745575e-01,TS
6,3160.889444,0.050345,2.45381672e-03,3.90583467e-01,TS
6,3555.852262,0.050345,2.33812266e-03,3.90458251e-01,TS
6,4000.166894,0.050345,2.21792905e-03,3.90370438e-01,TS
6,4500.000000,0.050345,2.10639715e-03,3.90315708e-01,TS
6,300.000000,0.057931,-3.62866605e-03,3.31583550e-01,TS
6,337.485919,0.057931,-3.12049734e-03,3.31648349e-01,TS
6,379.655818,0.057931,-2.66028638e-03,3.31693556e-01,TS
6,427.094976,0.057931,-2.24055380e-03,3.31721915e-01,TS
6,480.461801,0.057931,-1.85499633e-03,3.31735647e-01,TS
6,540.496975,0.057931,-1.49837212e-03,3.31736460e-01,TS
6,608.033727,0.057931,-1.16638940e-03,3.31725542e-01,TS
6,684.009404,0.057931,-8.55600725e-04,3.31703576e-01,TS
6,769.478474,0.057931,-4.55657667e-04,8.80313828e-01,Mack
6,865.627167,0.057931,3.60859903e-04,8.80163847e-01,Mack
6,973.789933,0.057931,1.10123615e-03,8.80028235e-01,Mack
6,1095.467968,0.057931,2.19601508e-04,3.31501764e-01,TS
6,1232.350046,0.057931,4.51619060e-04,3.31418127e-01,TS
6,1386.335959,0.057931,6.68504624e-04,3.31318191e-01,TS
6,1559.562883,0.057931,8.68564160e-04,3.31200296e-01,TS
6,1754.435043,0.057931,1.04913877e-03,3.31063165e-01,TS
6,1973.657075,0.057931,1.20666049e-03,3.30906360e-01,TS
6,2220.271572,0.057931,1.33690056e-03,3.30730823e-01,TS
6,2497.701306,0.057931,1.43547918e-03,3.30539403e-01,TS
6,2809.796735,0.057931,1.49866254e-03,3.30337228e-01,TS
6,3160.889444,0.057931,1.52438814e-03,3.30131725e-01,TS
6,3555.852262,0.057931,1.51333433e-03,3.29932109e-01,TS
6,4000.166894,0.057931,1.46972036e-03,3.29748263e-01,TS
6,4500.000000,0.057931,1.40145693e-03,3.29589101e-01,TS
6,300.000000,0.065517,-2.18288942e-03,4.02662431e-01,TS
6,337.485919,0.065517,-1.74815674e-03,4.02688559e-01,TS
6,379.655818,0.065517,-1.35124837e-03,4.02697004e-01,TS
6,427.094976,0.065517,-9.86930064e-04,4.02688566e-01,TS
6,480.461801,0.065517,-6.51076452e-04,4.02663806e-01,TS
6,540.496975,0.065517,-3.40635553e-04,4.02623025e-01,TS
6,608.033727,0.065517,-5.36224586e-05,4.02566259e-01,TS
6,684.009404,0.065517,2.10864186e-04,4.02493350e-01,TS
6,769.478474,0.065517,4.52623503e-04,4.02404095e-01,TS
6,865.627167,0.065517,6.70370050e-04,4.02298517e-01,TS
6,973.789933,0.065517,8.94399910e-04,8.85153746e-01,Mack
6,1095.467968,0.065517,1.54294522e-03,8.85039095e-01,Mack
6,1232.350046,0.065517,2.13369503e-03,8.84942325e-01,Mack
6,1386.335959,0.065517,2.67148962e-03,8.84859829e-01,Mack
6,1559.562883,0.065517,3.15996499e-03,8.84788534e-01,Mack
6,1754.435043,0.065517,3.60225936e-03,8.84726239e-01,Mack
6,1973.657075,0.065517,4.00150128e-03,8.84671467e-01,Mack
6,2220.271572,0.065517,4.36094660e-03,8.84623154e-01,Mack
6,2497.701306,0.065517,4.68387335e-03,8.84580411e-01,Mack
6,2809.796735,0.065517,4.97342868e-03,8.84542402e-01,Mack
6,3160.889444,0.065517,5.23257254e-03,8.84508307e-01,Mack
6,3555.852262,0.065517,5.46414640e-03,8.84477337e-01,Mack
6,4000.166894,0.065517,5.67095986e-03,8.84448864e-01,Mack
6,4500.000000,0.065517,5.85570493e-03,8.84422610e-01,Mack
6,300.000000,0.073103,-3.56143605e-03,3.53110038e-01,TS
6,337.485919,0.073103,-3.06709984e-03,3.53120266e-01,TS
6,379.655818,0.073103,-2.61779923e-03,3.53119425e-01,TS
6,427.094976,0.073103,-2.20749170e-03,3.53108651e-01,TS
6,480.461801,0.073103,-1.83117909e-03,3.53088754e-01,TS
6,540.496975,0.073103,-1.48480762e-03,3.53060184e-01,TS
6,608.033727,0.073103,-1.16517739e-03,3.53023008e-01,TS
6,684.009404,0.073103,-8.69871675e-04,3.52976905e-01,TS
6,769.478474,0.073103,-5.97221271e-04,3.52921194e-01,TS
6,865.627167,0.073103,-1.88890616e-04,8.90186020e-01,Mack
6,973.789933,0.073103,4.95511135e-04,8.90049009e-01,Mack
6,1095.467968,0.073103,1.11975064e-03,8.89932784e-01,Mack
6,1232.350046,0.073103,1.68859465e-03,8.89833232e-01,Mack
6,1386.335959,0.073103,2.20562968e-03,8.89746939e-01,Mack
6,1559.562883,0.073103,2.67402511e-03,8.89671462e-01,Mack
6,1754.435043,0.073103,3.09701859e-03,8.89605119e-01,Mack
6,1973.657075,0.073103,3.47802208e-03,8.89546648e-01,Mack
6,2220.271572,0.073103,3.82048285e-03,8.89494984e-01,Mack
6,2497.701306,0.073103,4.12769914e-03,8.89449154e-01,Mack
6,2809.796735,0.073103,4.40273364e-03,8.89408227e-01,Mack
6,3160.889444,0.073103,4.64847952e-03,8.89371277e-01,Mack
6,3555.852262,0.073103,4.86781923e-03,8.89337446e-01,Mack
6,4000.166894,0.073103,5.06367658e-03,8.89306180e-01,Mack
6,4500.000000,0.073103,5.23873256e-03,8.89277479e-01,Mack
6,300.000000,0.080690,-2.72810869e-03,4.08747183e-01,TS
6,337.485919,0.080690,-2.28098568e-03,4.08734533e-01,TS
6,379.655818,0.080690,-1.87460222e-03,4.08709913e-01,TS
6,427.094976,0.080690,-1.50444161e-03,4.08673694e-01,TS
6,480.461801,0.080690,-1.16708724e-03,4.08626066e-01,TS
6,540.496975,0.080690,-8.60203944e-04,4.08567075e-01,TS
6,608.033727,0.080690,-5.82515475e-04,4.08496722e-01,TS
6,684.009404,0.080690,-3.33746895e-04,4.08415149e-01,TS
6,769.478474,0.080690,-1.14492799e-04,4.08322914e-01,TS
6,865.627167,0.080690,7.40360626e-05,4.08221300e-01,TS
6,973.789933,0.080690,2.30424727e-04,4.08112598e-01,TS
6,1095.467968,0.080690,5.73527757e-04,8.94542447e-01,Mack
6,1232.350046,0.080690,1.11840826e-03,8.94435962e-01,Mack
6,1386.335959,0.080690,1.61257489e-03,8.94342666e-01,Mack
6,1559.562883,0.080690,2.05926479e-03,8.94260592e-01,Mack
6,1754.435043,0.080690,2.46195422e-03,8.94188229e-01,Mack
6,1973.657075,0.080690,2.82420284e-03,8.94124288e-01,Mack
6,2220.271572,0.080690,3.14943997e-03,8.94067622e-01,Mack
6,2497.701306,0.080690,3.44082938e-03,8.94017182e-01,Mack
6,2809.796735,0.080690,3.70128386e-03,8.93971937e-01,Mack
6,3160.889444,0.080690,3.93364227e-03,8.93930820e-01,Mack
6,3555.852262,0.080690,4.14088650e-03,8.93892898e-01,Mack
6,4000.166894,0.080690,4.32609334e-03,8.93857767e-01,Mack
6,4500.000000,0.080690,4.49186611e-03,8.93825825e-01,Mack
6,300.000000,0.088276,-3.91506641e-03,3.67257020e-01,TS
6,337.485919,0.088276,-3.39082840e-03,3.67243064e-01,TS
6,379.655818,0.088276,-2.91600267e-03,3.67221498e-01,TS
6,427.094976,0.088276,-2.48489416e-03,3.67192701e-01,TS
6,480.461801,0.088276,-2.09280655e-03,3.67156773e-01,TS
6,540.496975,0.088276,-1.73596245e-03,3.67113530e-01,TS
6,608.033727,0.088276,-1.41145160e-03,3.67062530e-01,TS
6,684.009404,0.088276,-1.11720794e-03,3.67003151e-01,TS
6,769.478474,0.088276,-8.52000014e-04,3.66934724e-01,TS
6,865.627167,0.088276,-6.15405040e-04,3.66856735e-01,TS
6,973.789933,0.088276,-4.07721279e-04,3.66769094e-01,TS
6,1095.467968,0.088276,-4.96184518e-05,8.98883116e-01,Mack
6,1232.350046,0.088276,4.69804166e-04,8.98766806e-01,Mack
6,1386.335959,0.088276,9.40013958e-04,8.98664341e-01,Mack
6,1559.562883,0.088276,1.36443572e-03,8.98573903e-01,Mack
6,1754.435043,0.088276,1.74666175e-03,8.98493925e-01,Mack
6,1973.657075,0.088276,2.09021725e-03,8.98423025e-01,Mack
6,2220.271572,0.088276,2.39837784e-03,8.98359995e-01,Mack
6,2497.701306,0.088276,2.67409961e-03,8.98303723e-01,Mack
6,2809.796735,0.088276,2.92012348e-03,8.98253034e-01,Mack
6,3160.889444,0.088276,3.13926689e-03,8.98206662e-01,Mack
6,3555.852262,0.088276,3.33469293e-03,8.98163584e-01,Mack
6,4000.166894,0.088276,3.50970373e-03,8.98123638e-01,Mack
6,4500.000000,0.088276,3.66678574e-03,8.98087810e-01,Mack
6,300.000000,0.095862,-3.34216117e-03,4.12900688e-01,TS
6,337.485919,0.095862,-2.85801493e-03,4.12870345e-01,TS
6,379.655818,0.095862,-2.42096481e-03,4.12831270e-01,TS
6,427.094976,0.095862,-2.02659928e-03,4.12783578e-01,TS
6,480.461801,0.095862,-1.67161236e-03,4.12727326e-01,TS
6,540.496975,0.095862,-1.35373478e-03,4.12662629e-01,TS
6,608.033727,0.095862,-1.07161944e-03,4.12589849e-01,TS
6,684.009404,0.095862,-8.24647431e-04,4.12509829e-01,TS
6,769.478474,0.095862,-6.12620874e-04,4.12424116e-01,TS
6,865.627167,0.095862,-4.35331151e-04,4.12335108e-01,TS
6,973.789933,0.095862,-2.92035729e-04,4.12246020e-01,TS
6,1095.467968,0.095862,-1.80938387e-04,4.12160606e-01,TS
6,1232.350046,0.095862,-9.88222508e-05,4.12082623e-01,TS
6,1386.335959,0.095862,2.19050799e-04,9.02758428e-01,Mack
6,1559.562883,0.095862,6.20774641e-04,9.02657708e-01,Mack
6,1754.435043,0.095862,9.82361239e-04,9.02568325e-01,Mack
6,1973.657075,0.095862,1.30717495e-03,9.02488827e-01,Mack
6,2220.271572,0.095862,1.59826203e-03,9.02417974e-01,Mack
6,2497.701306,0.095862,1.85831835e-03,9.02354571e-01,Mack
6,2809.796735,0.095862,2.08988623e-03,9.02297229e-01,Mack
6,3160.889444,0.095862,2.29579625e-03,9.02244394e-01,Mack
6,3555.852262,0.095862,2.47950732e-03,9.02194919e-01,Mack
6,4000.166894,0.095862,2.64468943e-03,9.02148995e-01,Mack
6,4500.000000,0.095862,2.79374344e-03,9.02108471e-01,Mack
6,300.000000,0.103448,-4.40543430e-03,3.77350151e-01,TS
6,337.485919,0.103448,-3.83604245e-03,3.77323016e-01,TS
6,379.655818,0.103448,-3.32249115e-03,3.77290197e-01,TS
6,427.094976,0.103448,-2.85900739e-03,3.77251715e-01,TS
6,480.461801,0.103448,-2.44088500e-03,3.77207364e-01,TS
6,540.496975,0.103448,-2.06441064e-03,3.77156759e-01,TS
6,608.033727,0.103448,-1.72680252e-03,3.77099440e-01,TS
6,684.009404,0.103448,-1.42614032e-03,3.77035036e-01,TS
6,769.478474,0.103448,-1.16125198e-03,3.76963486e-01,TS
6,865.627167,0.103448,-9.31516371e-04,3.76885283e-01,TS
6,973.789933,0.103448,-7.36548273e-04,3.76801695e-01,TS
6,1095.467968,0.103448,-5.75759690e-04,3.76714880e-01,TS
6,1232.350046,0.103448,-4.47844172e-04,3.76627814e-01,TS
6,1386.335959,0.103448,-3.50296891e-04,3.76543965e-01,TS
6,1559.562883,0.103448,-1.50119831e-04,9.06573490e-01,Mack
6,1754.435043,0.103448,1.89985865e-04,9.06472295e-01,Mack
6,1973.657075,0.103448,4.95393867e-04,9.06382022e-01,Mack
6,2220.271572,0.103448,7.68856728e-04,9.06301419e-01,Mack
6,2497.701306,0.103448,1.01273545e-03,9.06229169e-01,Mack
6,2809.796735,0.103448,1.22931398e-03,9.06163576e-01,Mack
6,3160.889444,0.103448,1.42145738e-03,9.06102662e-01,Mack
6,3555.852262,0.103448,1.59308072e-03,9.06045061e-01,Mack
6,4000.166894,0.103448,1.74849236e-03,9.05991410e-01,Mack
6,4500.000000,0.103448,1.89019948e-03,9.05944838e-01,Mack
6,300.000000,0.111034,-3.96694277e-03,4.16000552e-01,TS
6,337.485919,0.111034,-3.43541786e-03,4.15961041e-01,TS
6,379.655818,0.111034,-2.95834803e-03,4.15915031e-01,TS
6,427.094976,0.111034,-2.53111062e-03,4.15862648e-01,TS
6,480.461801,0.111034,-2.15017770e-03,4.15804105e-01,TS
6,540.496975,0.111034,-1.81295318e-03,4.15739868e-01,TS
6,608.033727,0.111034,-1.51753592e-03,4.15670837e-01,TS
6,684.009404,0.111034,-1.26239025e-03,4.15598509e-01,TS
6,769.478474,0.111034,-1.04593020e-03,4.15525036e-01,TS
6,865.627167,0.111034,-8.66067009e-04,4.15453119e-01,TS
6,973.789933,0.111034,-7.19818715e-04,4.15385687e-01,TS
6,1095.467968,0.111034,-6.03109006e-04,4.15325401e-01,TS
6,1232.350046,0.111034,-5.10859308e-04,4.15274095e-01,TS
6,1386.335959,0.111034,-4.37390161e-04,4.15232341e-01,TS
6,1559.562883,0.111034,-3.77026981e-04,4.15199303e-01,TS
6,1754.435043,0.111034,-3.24718885e-04,4.15172948e-01,TS
6,1973.657075,0.111034,-2.76484736e-04,4.15150537e-01,TS
6,2220.271572,0.111034,-7.55881052e-05,9.10083706e-01,Mack
6,2497.701306,0.111034,1.50615289e-04,9.10000058e-01,Mack
6,2809.796735,0.111034,3.50720292e-04,9.09923868e-01,Mack
6,3160.889444,0.111034,5.27596381e-04,9.09852511e-01,Mack
6,3555.852262,0.111034,6.85820074e-04,9.09784168e-01,Mack
6,4000.166894,0.111034,8.30825661e-04,9.09719921e-01,Mack
6,4500.000000,0.111034,9.65767130e-04,9.09664736e-01,Mack
6,300.000000,0.118621,-3.65686633e-03,4.49588222e-01,TS
6,337.485919,0.118621,-3.16279819e-03,4.49538365e-01,TS
6,379.655818,0.118621,-2.72338867e-03,4.49482754e-01,TS
6,427.094976,0.118621,-2.33478066e-03,4.49422381e-01,TS
6,480.461801,0.118621,-1.99384847e-03,4.49358685e-01,TS
6,540.496975,0.118621,-1.69782910e-03,4.49293616e-01,TS
6,608.033727,0.118621,-1.44390820e-03,4.49229575e-01,TS
6,684.009404,0.118621,-1.22883222e-03,4.49169211e-01,TS
6,769.478474,0.118621,-1.04864687e-03,4.49115046e-01,TS
6,865.627167,0.118621,-8.98656072e-04,4.49069019e-01,TS
6,973.789933,0.118621,-7.73641174e-04,4.49032068e-01,TS
6,1095.467968,0.118621,-6.68288388e-04,4.49003896e-01,TS
6,1232.350046,0.118621,-5.77688520e-04,4.48983023e-01,TS
6,1386.335959,0.118621,-4.97747530e-04,4.48967093e-01,TS
6,1559.562883,0.118621,-4.25395366e-04,4.48953350e-01,TS
6,1754.435043,0.118621,-3.58571032e-04,4.48939137e-01,TS
6,1973.657075,0.118621,-2.96039885e-04,4.48922301e-01,TS
6,2220.271572,0.118621,-2.37132620e-04,4.48901454e-01,TS
6,2497.701306,0.118621,-1.81485856e-04,4.48876082e-01,TS
6,2809.796735,0.118621,-1.28835694e-04,4.48846497e-01,TS
6,3160.889444,0.118621,-7.88879238e-05,4.48813681e-01,TS
6,3555.852262,0.118621,-3.12701910e-05,4.48779031e-01,TS
6,4000.166894,0.118621,1.44413817e-05,4.48744064e-01,TS
6,4500.000000,0.118621,5.86426902e-05,4.48710158e-01,TS
6,300.000000,0.126207,-4.59144796e-03,4.18464519e-01,TS
6,337.485919,0.126207,-4.00864729e-03,4.18420465e-01,TS
6,379.655818,0.126207,-3.48826505e-03,4.18371555e-01,TS
6,427.094976,0.126207,-3.02515249e-03,4.18318000e-01,TS
6,480.461801,0.126207,-2.61516101e-03,4.18260255e-01,TS
6,540.496975,0.126207,-2.25489372e-03,4.18199176e-01,TS
6,608.033727,0.126207,-1.94138531e-03,4.18136117e-01,TS
6,684.009404,0.126207,-1.67172306e-03,4.18072947e-01,TS
6,769.478474,0.126207,-1.44266029e-03,4.18011909e-01,TS
6,865.627167,0.126207,-1.25031110e-03,4.17955309e-01,TS
6,973.789933,0.126207,-1.09002886e-03,4.17905091e-01,TS
6,1095.467968,0.126207,-9.56535745e-04,4.17862396e-01,TS
6,1232.350046,0.126207,-8.44287563e-04,4.17827277e-01,TS
6,1386.335959,0.126207,-7.47964343e-04,4.17798664e-01,TS
6,1559.562883,0.126207,-6.62927684e-04,4.17774616e-01,TS
6,1754.435043,0.126207,-5.85513689e-04,4.17752771e-01,TS
6,1973.657075,0.126207,-5.13113651e-04,4.17730844e-01,TS
6,2220.271572,0.126207,-4.44078785e-04,4.17707042e-01,TS
6,2497.701306,0.126207,-3.77526516e-04,4.17680324e-01,TS
6,2809.796735,0.126207,-3.13119458e-04,4.17650486e-01,TS
6,3160.889444,0.126207,-2.50858784e-04,4.17618079e-01,TS
6,3555.852262,0.126207,-1.90908859e-04,4.17584205e-01,TS
6,4000.166894,0.126207,-1.33462269e-04,4.17550240e-01,TS
6,4500.000000,0.126207,-7.86567390e-05,4.17517546e-01,TS
6,300.000000,0.133793,-4.32503683e-03,4.48065105e-01,TS
6,337.485919,0.133793,-3.77858316e-03,4.48014493e-01,TS
6,379.655818,0.133793,-3.29429263e-03,4.47960391e-01,TS
6,427.094976,0.133793,-2.86736597e-03,4.47903924e-01,TS
6,480.461801,0.133793,-2.49355602e-03,4.47846633e-01,TS
6,540.496975,0.133793,-2.16880005e-03,4.47790432e-01,TS
6,608.033727,0.133793,-1.88887692e-03,4.47737432e-01,TS
6,684.009404,0.133793,-1.64916882e-03,4.47689643e-01,TS
6,769.478474,0.133793,-1.44460316e-03,4.47648597e-01,TS
6,865.627167,0.133793,-1.26980668e-03,4.47615006e-01,TS
6,973.789933,0.133793,-1.11943131e-03,4.47588571e-01,TS
6,1095.467968,0.133793,-9.88542663e-04,4.47568020e-01,TS
6,1232.350046,0.133793,-8.72941097e-04,4.47551360e-01,TS
6,1386.335959,0.133793,-7.69323024e-04,4.47536269e-01,TS
6,1559.562883,0.133793,-6.75264113e-04,4.47520507e-01,TS
6,1754.435043,0.133793,-5.89070007e-04,4.47502266e-01,TS
6,1973.657075,0.133793,-5.09566963e-04,4.47480391e-01,TS
6,2220.271572,0.133793,-4.35895851e-04,4.47454479e-01,TS
6,2497.701306,0.133793,-3.67349190e-04,4.47424847e-01,TS
6,2809.796735,0.133793,-3.03269622e-04,4.47392401e-01,TS
6,3160.889444,0.133793,-2.43013993e-04,4.47358415e-01,TS
6,3555.852262,0.133793,-1.85975017e-04,4.47324281e-01,TS
6,4000.166894,0.133793,-1.31639474e-04,4.47291273e-01,TS
6,4500.000000,0.133793,-7.96517377e-05,4.47260378e-01,TS
6,300.000000,0.141379,-1.92299522e-03,9.30005428e-01,Mack
6,337.485919,0.141379,-1.80489242e-03,9.30328952e-01,Mack
6,379.655818,0.141379,-1.79435659e-03,9.30574382e-01,Mack
6,427.094976,0.141379,-1.86300422e-03,9.30733403e-01,Mack
6,480.461801,0.141379,-1.98602938e-03,9.30799445e-01,Mack
6,540.496975,0.141379,-2.14174484e-03,9.30771600e-01,Mack
6,608.033727,0.141379,-2.31095989e-03,9.30656177e-01,Mack
6,684.009404,0.141379,-2.04990159e-03,4.20138214e-01,TS
6,769.478474,0.141379,-1.80171832e-03,4.20089884e-01,TS
6,865.627167,0.141379,-1.59023034e-03,4.20047067e-01,TS
6,973.789933,0.141379,-1.40986212e-03,4.20010476e-01,TS
6,1095.467968,0.141379,-1.25497259e-03,4.19979909e-01,TS
6,1232.350046,0.141379,-1.12024829e-03,4.19954259e-01,TS
6,1386.335959,0.141379,-1.00105409e-03,4.19931753e-01,TS
6,1559.562883,0.141379,-8.93641923e-04,4.19910342e-01,TS
6,1754.435043,0.141379,-7.95189551e-04,4.19888113e-01,TS
6,1973.657075,0.141379,-7.03707436e-04,4.19863631e-01,TS
6,2220.271572,0.141379,-6.17878480e-04,4.19836148e-01,TS
6,2497.701306,0.141379,-5.36884399e-04,4.19805653e-01,TS
6,2809.796735,0.141379,-4.60246927e-04,4.19772791e-01,TS
6,3160.889444,0.141379,-3.87693983e-04,4.19738674e-01,TS
6,3555.852262,0.141379,-3.19056396e-04,4.19704632e-01,TS
6,4000.166894,0.141379,-2.54201942e-04,4.19671952e-01,TS
6,4500.000000,0.141379,-1.93009983e-04,4.19641669e-01,TS
6,300.000000,0.148966,1.94725756e-03,9.29736863e-01,Mack
6,337.485919,0.148966,2.49274938e-03,9.30454756e-01,Mack
6,379.655818,0.148966,2.91044554e-03,9.31158145e-01,Mack
6,427.094976,0.148966,3.21242868e-03,9.31838087e-01,Mack
6,480.461801,0.148966,3.40613057e-03,9.32486649e-01,Mack
6,540.496975,0.148966,3.49657511e-03,9.33098382e-01,Mack
6,608.033727,0.148966,3.48841042e-03,9.33669984e-01,Mack
6,684.009404,0.148966,3.38691681e-03,9.34199066e-01,Mack
6,769.478474,0.148966,3.19806192e-03,9.34682980e-01,Mack
6,865.627167,0.148966,2.92817984e-03,9.35118194e-01,Mack
6,973.789933,0.148966,2.58382257e-03,9.35500139e-01,Mack
6,1095.467968,0.148966,2.17201096e-03,9.35823270e-01,Mack
6,1232.350046,0.148966,1.70083548e-03,9.36081198e-01,Mack
6,1386.335959,0.148966,1.18026550e-03,9.36266969e-01,Mack
6,1559.562883,0.148966,6.23020222e-04,9.36373752e-01,Mack
6,1754.435043,0.148966,4.52755581e-05,9.36396181e-01,Mack
6,1973.657075,0.148966,-5.33211089e-04,9.36332464e-01,Mack
6,2220.271572,0.148966,-6.03079022e-04,4.46398068e-01,TS
6,2497.701306,0.148966,-5.23258714e-04,4.46365735e-01,TS
6,2809.796735,0.148966,-4.48967796e-04,4.46331855e-01,TS
6,3160.889444,0.148966,-3.79366346e-04,4.46297749e-01,TS
6,3555.852262,0.148966,-3.13764391e-04,4.46264654e-01,TS
6,4000.166894,0.148966,-2.51666934e-04,4.46233565e-01,TS
6,4500.000000,0.148966,-1.92796582e-04,4.46205149e-01,TS
6,300.000000,0.156552,4.17663103e-03,9.27741409e-01,Mack
6,337.485919,0.156552,5.16007616e-03,9.28486859e-01,Mack
6,379.655818,0.156552,6.03123197e-03,9.29237660e-01,Mack
6,427.094976,0.156552,6.79935630e-03,9.29985439e-01,Mack
6,480.461801,0.156552,7.47070496e-03,9.30724271e-01,Mack
6,540.496975,0.156552,8.05070017e-03,9.31451049e-01,Mack
6,608.033727,0.156552,8.54524876e-03,9.32164598e-01,Mack
6,684.009404,0.156552,8.96098823e-03,9.32864557e-01,Mack
6,769.478474,0.156552,9.30489342e-03,9.33550680e-01,Mack
6,865.627167,0.156552,9.58380291e-03,9.34222661e-01,Mack
6,973.789933,0.156552,9.80416531e-03,9.34880226e-01,Mack
6,1095.467968,0.156552,9.97200139e-03,9.35523237e-01,Mack
6,1232.350046,0.156552,1.00929507e-02,9.36151712e-01,Mack
6,1386.335959,0.156552,1.01723117e-02,9.36765789e-01,Mack
6,1559.562883,0.156552,1.02150612e-02,9.37365691e-01,Mack
6,1754.435043,0.156552,1.02258690e-02,9.37951703e-01,Mack
6,1973.657075,0.156552,1.02091153e-02,9.38524168e-01,Mack
6,2220.271572,0.156552,1.01689046e-02,9.39083503e-01,Mack
6,2497.701306,0.156552,1.01090631e-02,9.39630209e-01,Mack
6,2809.796735,0.156552,1.00331078e-02,9.40164896e-01,Mack
6,3160.889444,0.156552,9.94418509e-03,9.40688286e-01,Mack
6,3555.852262,0.156552,9.84498432e-03,9.41201167e-01,Mack
6,4000.166894,0.156552,9.73764827e-03,9.41704305e-01,Mack
6,4500.000000,0.156552,9.62371014e-03,9.42198297e-01,Mack
6,300.000000,0.164138,4.58871089e-03,9.25199912e-01,Mack
6,337.485919,0.164138,5.88015572e-03,9.25805215e-01,Mack
6,379.655818,0.164138,7.06664459e-03,9.26422534e-01,Mack
6,427.094976,0.164138,8.15395913e-03,9.27043291e-01,Mack
6,480.461801,0.164138,9.14631813e-03,9.27661679e-01,Mack
6,540.496975,0.164138,1.00481591e-02,9.28274301e-01,Mack
6,608.033727,0.164138,1.08648440e-02,9.28879102e-01,Mack
6,684.009404,0.164138,1.16024818e-02,9.29474470e-01,Mack
6,769.478474,0.164138,1.22674177e-02,9.30058834e-01,Mack
6,865.627167,0.164138,1.28658264e-02,9.30630674e-01,Mack
6,973.789933,0.164138,1.34035413e-02,9.31188636e-01,Mack
6,1095.467968,0.164138,1.38860396e-02,9.31731617e-01,Mack
6,1232.350046,0.164138,1.43184645e-02,9.32258766e-01,Mack
6,1386.335959,0.164138,1.47056319e-02,9.32769452e-01,Mack
6,1559.562883,0.164138,1.50520215e-02,9.33263250e-01,Mack
6,1754.435043,0.164138,1.53617639e-02,9.33739916e-01,Mack
6,1973.657075,0.164138,1.56386283e-02,9.34199370e-01,Mack
6,2220.271572,0.164138,1.58860144e-02,9.34641671e-01,Mack
6,2497.701306,0.164138,1.61069535e-02,9.35066971e-01,Mack
6,2809.796735,0.164138,1.63041277e-02,9.35475465e-01,Mack
6,3160.889444,0.164138,1.64799148e-02,9.35867347e-01,Mack
6,3555.852262,0.164138,1.66364544e-02,9.36242772e-01,Mack
6,4000.166894,0.164138,1.67757268e-02,9.36601861e-01,Mack
6,4500.000000,0.164138,1.68996242e-02,9.36944731e-01,Mack
6,300.000000,0.171724,3.45014319e-03,9.22826386e-01,Mack
6,337.485919,0.171724,4.93053141e-03,9.23218660e-01,Mack
6,379.655818,0.171724,6.31246767e-03,9.23628806e-01,Mack
6,427.094976,0.171724,7.59828820e-03,9.24049501e-01,Mack
6,480.461801,0.171724,8.78998313e-03,9.24476036e-01,Mack
6,540.496975,0.171724,9.89055553e-03,9.24905505e-01,Mack
6,608.033727,0.171724,1.09042616e-02,9.25335745e-01,Mack
6,684.009404,0.171724,1.18361804e-02,9.25764685e-01,Mack
6,769.478474,0.171724,1.26916734e-02,9.26190201e-01,Mack
6,865.627167,0.171724,1.34760447e-02,9.26610244e-01,Mack
6,973.789933,0.171724,1.41944253e-02,9.27022993e-01,Mack
6,1095.467968,0.171724,1.48517614e-02,9.27426928e-01,Mack
6,1232.350046,0.171724,1.54528089e-02,9.27820832e-01,Mack
6,1386.335959,0.171724,1.60021033e-02,9.28203766e-01,Mack
6,1559.562883,0.171724,1.65039187e-02,9.28575042e-01,Mack
6,1754.435043,0.171724,1.69622309e-02,9.28934188e-01,Mack
6,1973.657075,0.171724,1.73806996e-02,9.29280895e-01,Mack
6,2220.271572,0.171724,1.77626763e-02,9.29614965e-01,Mack
6,2497.701306,0.171724,1.81112406e-02,9.29936260e-01,Mack
6,2809.796735,0.171724,1.84292542e-02,9.30244688e-01,Mack
6,3160.889444,0.171724,1.87194134e-02,9.30540209e-01,Mack
6,3555.852262,0.171724,1.89842773e-02,9.30822879e-01,Mack
6,4000.166894,0.171724,1.92262597e-02,9.31092893e-01,Mack
6,4500.000000,0.171724,1.94475857e-02,9.31350613e-01,Mack
6,300.000000,0.179310,1.09948311e-03,9.21079759e-01,Mack
6,337.485919,0.179310,2.65578961e-03,9.21226707e-01,Mack
6,379.655818,0.179310,4.12353231e-03,9.21393749e-01,Mack
6,427.094976,0.179310,5.50257886e-03,9.21576494e-01,Mack
6,480.461801,0.179310,6.79330708e-03,9.21772653e-01,Mack
6,540.496975,0.179310,7.99753052e-03,9.21980888e-01,Mack
6,608.033727,0.179310,9.11837942e-03,9.22199844e-01,Mack
6,684.009404,0.179310,1.01597423e-02,9.22427763e-01,Mack
6,769.478474,0.179310,1.11257779e-02,9.22662567e-01,Mack
6,865.627167,0.179310,1.20206829e-02,9.22902114e-01,Mack
6,973.789933,0.179310,1.28486456e-02,9.23144391e-01,Mack
6,1095.467968,0.179310,1.36138442e-02,9.23387611e-01,Mack
6,1232.350046,0.179310,1.43204150e-02,9.23630233e-01,Mack
6,1386.335959,0.179310,1.49723848e-02,9.23870960e-01,Mack
6,1559.562883,0.179310,1.55736014e-02,9.24108709e-01,Mack
6,1754.435043,0.179310,1.61276911e-02,9.24342561e-01,Mack
6,1973.657075,0.179310,1.66380628e-02,9.24571704e-01,Mack
6,2220.271572,0.179310,1.71079493e-02,9.24795403e-01,Mack
6,2497.701306,0.179310,1.75404579e-02,9.25013015e-01,Mack
6,2809.796735,0.179310,1.79385890e-02,9.25224040e-01,Mack
6,3160.889444,0.179310,1.83051989e-02,9.25428183e-01,Mack
6,3555.852262,0.179310,1.86429164e-02,9.25625369e-01,Mack
6,4000.166894,0.179310,1.89540511e-02,9.25815688e-01,Mack
6,4500.000000,0.179310,1.92405457e-02,9.25999284e-01,Mack
6,300.000000,0.186897,-2.05100693e-03,9.20292968e-01,Mack
6,337.485919,0.186897,-5.36711469e-04,9.20206392e-01,Mack
6,379.655818,0.186897,8.98508302e-04,9.20133295e-01,Mack
6,427.094976,0.186897,2.25445452e-03,9.20073092e-01,Mack
6,480.461801,0.186897,3.53191790e-03,9.20026793e-01,Mack
6,540.496975,0.186897,4.73303279e-03,9.19995598e-01,Mack
6,608.033727,0.186897,5.86081756e-03,9.19980053e-01,Mack
6,684.009404,0.186897,6.91857436e-03,9.19979881e-01,Mack
6,769.478474,0.186897,7.90954664e-03,9.19994215e-01,Mack
6,865.627167,0.186897,8.83686728e-03,9.20021895e-01,Mack
6,973.789933,0.186897,9.70363363e-03,9.20061664e-01,Mack
6,1095.467968,0.186897,1.05129553e-02,9.20112266e-01,Mack
6,1232.350046,0.186897,1.12679247e-02,9.20172490e-01,Mack
6,1386.335959,0.186897,1.19715451e-02,9.20241169e-01,Mack
6,1559.562883,0.186897,1.26266831e-02,9.20317140e-01,Mack
6,1754.435043,0.186897,1.32360929e-02,9.20399198e-01,Mack
6,1973.657075,0.186897,1.38025037e-02,9.20486098e-01,Mack
6,2220.271572,0.186897,1.43286953e-02,9.20576651e-01,Mack
6,2497.701306,0.186897,1.48174698e-02,9.20669888e-01,Mack
6,2809.796735,0.186897,1.52714885e-02,9.20765161e-01,Mack
6,3160.889444,0.186897,1.56930462e-02,9.20862090e-01,Mack
6,3555.852262,0.186897,1.60839285e-02,9.20960329e-01,Mack
6,4000.166894,0.186897,1.64454711e-02,9.21059254e-01,Mack
6,4500.000000,0.186897,1.67788359e-02,9.21157735e-01,Mack
6,300.000000,0.194483,-5.46883084e-03,9.20620967e-01,Mack
6,337.485919,0.194483,-4.09350451e-03,9.20376470e-01,Mack
6,379.655818,0.194483,-2.79807325e-03,9.20133125e-01,Mack
6,427.094976,0.194483,-1.58071328e-03,9.19892515e-01,Mack
6,480.461801,0.194483,-4.38049561e-04,9.19657290e-01,Mack
6,540.496975,0.194483,6.34499303e-04,9.19429845e-01,Mack
6,608.033727,0.194483,1.64190502e-03,9.19211801e-01,Mack
6,684.009404,0.194483,2.58889423e-03,9.19004105e-01,Mack
6,769.478474,0.194483,3.47972484e-03,9.18807341e-01,Mack
6,865.627167,0.194483,4.31824862e-03,9.18621975e-01,Mack
6,973.789933,0.194483,5.10802598e-03,9.18448460e-01,Mack
6,1095.467968,0.194483,5.85234195e-03,9.18287265e-01,Mack
6,1232.350046,0.194483,6.55411409e-03,9.18138843e-01,Mack
6,1386.335959,0.194483,7.21580167e-03,9.18003503e-01,Mack
6,1559.562883,0.194483,7.83947342e-03,9.17881212e-01,Mack
6,1754.435043,0.194483,8.42709541e-03,9.17771504e-01,Mack
6,1973.657075,0.194483,8.98086423e-03,9.17673711e-01,Mack
6,2220.271572,0.194483,9.50322548e-03,9.17587483e-01,Mack
6,2497.701306,0.194483,9.99634995e-03,9.17513198e-01,Mack
6,2809.796735,0.194483,1.04613043e-02,9.17451746e-01,Mack
6,3160.889444,0.194483,1.08975782e-02,9.17403544e-01,Mack
6,3555.852262,0.194483,1.13035545e-02,9.17367284e-01,Mack
6,4000.166894,0.194483,1.16779190e-02,9.17339208e-01,Mack
6,4500.000000,0.194483,1.20214261e-02,9.17313489e-01,Mack
6,300.000000,0.202069,-7.69143627e-03,4.26111385e-01,TS
6,337.485919,0.202069,-6.82725919e-03,4.26067413e-01,TS
6,379.655818,0.202069,-6.06259176e-03,4.26025867e-01,TS
6,427.094976,0.202069,-5.24258817e-03,9.21028676e-01,Mack
6,480.461801,0.202069,-4.28767484e-03,9.20734617e-01,Mack
6,540.496975,0.202069,-3.40836052e-03,9.20443131e-01,Mack
6,608.033727,0.202069,-2.59847553e-03,9.20154778e-01,Mack
6,684.009404,0.202069,-1.85224867e-03,9.19869610e-01,Mack
6,769.478474,0.202069,-1.16430969e-03,9.19587542e-01,Mack
6,865.627167,0.202069,-5.29502779e-04,9.19308543e-01,Mack
6,973.789933,0.202069,5.72355111e-05,9.19032759e-01,Mack
6,1095.467968,0.202069,6.00781837e-04,9.18760637e-01,Mack
6,1232.350046,0.202069,1.10549522e-03,9.18492949e-01,Mack
6,1386.335959,0.202069,1.57487175e-03,9.18230455e-01,Mack
6,1559.562883,0.202069,2.01169338e-03,9.17973193e-01,Mack
6,1754.435043,0.202069,2.41907389e-03,9.17720063e-01,Mack
6,1973.657075,0.202069,2.80191519e-03,9.17469759e-01,Mack
6,2220.271572,0.202069,3.16707396e-03,9.17223372e-01,Mack
6,2497.701306,0.202069,3.52047063e-03,9.16986899e-01,Mack
6,2809.796735,0.202069,3.86180536e-03,9.16770241e-01,Mack
6,3160.889444,0.202069,4.18109082e-03,9.16581021e-01,Mack
6,3555.852262,0.202069,4.46116548e-03,9.16416324e-01,Mack
6,4000.166894,0.202069,4.68592568e-03,9.16257181e-01,Mack
6,4500.000000,0.202069,4.85209482e-03,9.16067513e-01,Mack
6,300.000000,0.209655,-7.49094902e-03,4.44614029e-01,TS
6,337.485919,0.209655,-6.65622373e-03,4.44572889e-01,TS
6,379.655818,0.209655,-5.91792828e-03,4.44535532e-01,TS
6,427.094976,0.209655,-5.26579702e-03,4.44502227e-01,TS
6,480.461801,0.209655,-4.69029107e-03,4.44473084e-01,TS
6,540.496975,0.209655,-4.18253557e-03,4.44447918e-01,TS
6,608.033727,0.209655,-3.73433674e-03,4.44426172e-01,TS
6,684.009404,0.209655,-3.33823968e-03,4.44406918e-01,TS
6,769.478474,0.209655,-2.98757948e-03,4.44388958e-01,TS
6,865.627167,0.209655,-2.67648855e-03,4.44370983e-01,TS
6,973.789933,0.209655,-2.39984867e-03,4.44351756e-01,TS
6,1095.467968,0.209655,-2.15320052e-03,4.44330284e-01,TS
6,1232.350046,0.209655,-1.93263824e-03,4.44305947e-01,TS
6,1386.335959,0.209655,-1.73471598e-03,4.44278568e-01,TS
6,1559.562883,0.209655,-1.55638357e-03,4.44248423e-01,TS
6,1754.435043,0.209655,-1.39495455e-03,4.44216187e-01,TS
6,1973.657075,0.209655,-1.24809932e-03,4.44182816e-01,TS
6,2220.271572,0.209655,-1.11385065e-03,4.44149396e-01,TS
6,2497.701306,0.209655,-9.90607637e-04,4.44116980e-01,TS
6,2809.796735,0.209655,-8.77125713e-04,4.44086459e-01,TS
6,3160.889444,0.209655,-7.72482958e-04,4.44058477e-01,TS
6,3555.852262,0.209655,-6.76020247e-04,4.44033411e-01,TS
6,4000.166894,0.209655,-5.87263042e-04,4.44011400e-01,TS
6,4500.000000,0.209655,-5.05840844e-04,4.43992400e-01,TS
6,300.000000,0.217241,-8.30464506e-03,4.27060838e-01,TS
6,337.485919,0.217241,-7.38167402e-03,4.27018004e-01,TS
6,379.655818,0.217241,-6.56473700e-03,4.26978532e-01,TS
6,427.094976,0.217241,-5.84271179e-03,4.26942523e-01,TS
6,480.461801,0.217241,-5.20532594e-03,4.26910061e-01,TS
6,540.496975,0.217241,-4.64302372e-03,4.26881069e-01,TS
6,608.033727,0.217241,-4.14692118e-03,4.26855190e-01,TS
6,684.009404,0.217241,-3.70882951e-03,4.26831740e-01,TS
6,769.478474,0.217241,-3.32130714e-03,4.26809747e-01,TS
6,865.627167,0.217241,-2.97769845e-03,4.26788071e-01,TS
6,973.789933,0.217241,-2.67213228e-03,4.26765580e-01,TS
6,1095.467968,0.217241,-2.39947834e-03,4.26741330e-01,TS
6,1232.350046,0.217241,-2.15527826e-03,4.26714709e-01,TS
6,1386.335959,0.217241,-1.93567371e-03,4.26685537e-01,TS
6,1559.562883,0.217241,-1.73734670e-03,4.26654076e-01,TS
6,1754.435043,0.217241,-1.55747519e-03,4.26620986e-01,TS
6,1973.657075,0.217241,-1.39369674e-03,4.26587207e-01,TS
6,2220.271572,0.217241,-1.24407051e-03,4.26553801e-01,TS
6,2497.701306,0.217241,-1.10703173e-03,4.26521786e-01,TS
6,2809.796735,0.217241,-9.81339021e-04,4.26492001e-01,TS
6,3160.889444,0.217241,-8.66018097e-04,4.26465023e-01,TS
6,3555.852262,0.217241,-7.60303528e-04,4.26441148e-01,TS
6,4000.166894,0.217241,-6.63579121e-04,4.26420426e-01,TS
6,4500.000000,0.217241,-5.75319426e-04,4.26402728e-01,TS
6,300.000000,0.224828,-8.10490577e-03,4.44271745e-01,TS
6,337.485919,0.224828,-7.20986604e-03,4.44232157e-01,TS
6,379.655818,0.224828,-6.41757956e-03,4.44196923e-01,TS
6,427.094976,0.224828,-5.71684369e-03,4.44165957e-01,TS
6,480.461801,0.224828,-5.09736113e-03,4.44138997e-01,TS
6,540.496975,0.224828,-4.54968855e-03,4.44115508e-01,TS
6,608.033727,0.224828,-4.06523508e-03,4.44094666e-01,TS
6,684.009404,0.224828,-3.63627357e-03,4.44075398e-01,TS
6,769.478474,0.224828,-3.25593058e-03,4.44056509e-01,TS
6,865.627167,0.224828,-2.91813751e-03,4.44036821e-01,TS
6,973.789933,0.224828,-2.61754719e-03,4.44015335e-01,TS
6,1095.467968,0.224828,-2.34943538e-03,4.43991352e-01,TS
6,1232.350046,0.224828,-2.10961000e-03,4.43964565e-01,TS
6,1386.335959,0.224828,-1.89434439e-03,4.43935083e-01,TS
6,1559.562883,0.224828,-1.70034023e-03,4.43903412e-01,TS
6,1754.435043,0.224828,-1.52471607e-03,4.43870367e-01,TS
6,1973.657075,0.224828,-1.36501008e-03,4.43836951e-01,TS
6,2220.271572,0.224828,-1.21918212e-03,4.43804198e-01,TS
6,2497.701306,0.224828,-1.08560072e-03,4.43773035e-01,TS
6,2809.796735,0.224828,-9.63006546e-04,4.43744185e-01,TS
6,3160.889444,0.224828,-8.50451902e-04,4.43718118e-01,TS
6,3555.852262,0.224828,-7.47223587e-04,4.43695063e-01,TS
6,4000.166894,0.224828,-6.52760350e-04,4.43675045e-01,TS
6,4500.000000,0.224828,-5.66577788e-04,4.43657939e-01,TS
6,300.000000,0.232414,-8.90903278e-03,4.27871306e-01,TS
6,337.485919,0.232414,-7.92609139e-03,4.27829772e-01,TS
6,379.655818,0.232414,-7.05573099e-03,4.27792426e-01,TS
6,427.094976,0.232414,-6.28586300e-03,4.27759042e-01,TS
6,480.461801,0.232414,-5.60538224e-03,4.27729331e-01,TS
6,540.496975,0.232414,-5.00406355e-03,4.27702829e-01,TS
6,608.033727,0.232414,-4.47252542e-03,4.27678837e-01,TS
6,684.009404,0.232414,-4.00223257e-03,4.27656425e-01,TS
6,769.478474,0.232414,-3.58550276e-03,4.27634516e-01,TS
6,865.627167,0.232414,-3.21549099e-03,4.27612020e-01,TS
6,973.789933,0.232414,-2.88614273e-03,4.27587983e-01,TS
6,1095.467968,0.232414,-2.59212599e-03,4.27561732e-01,TS
6,1232.350046,0.232414,-2.32876138e-03,4.27532974e-01,TS
6,1386.335959,0.232414,-2.09196517e-03,4.27501835e-01,TS
6,1559.562883,0.232414,-1.87820930e-03,4.27468839e-01,TS
6,1754.435043,0.232414,-1.68449153e-03,4.27434821e-01,TS
6,1973.657075,0.232414,-1.50830476e-03,4.27400792e-01,TS
6,2220.271572,0.232414,-1.34759731e-03,4.27367780e-01,TS
6,2497.701306,0.232414,-1.20072093e-03,4.27336694e-01,TS
6,2809.796735,0.232414,-1.06636792e-03,4.27308210e-01,TS
6,3160.889444,0.232414,-9.43501305e-04,4.27282739e-01,TS
6,3555.852262,0.232414,-8.31283521e-04,4.27260431e-01,TS
6,4000.166894,0.232414,-7.29009577e-04,4.27241234e-01,TS
6,4500.000000,0.232414,-6.36049848e-04,4.27224957e-01,TS
6,300.000000,0.240000,-8.70918776e-03,4.43961338e-01,TS
6,337.485919,0.240000,-7.75293997e-03,4.43923094e-01,TS
6,379.655818,0.240000,-6.90590643e-03,4.43889682e-01,TS
6,427.094976,0.240000,-6.15604548e-03,4.43860650e-01,TS
6,480.461801,0.240000,-5.49237714e-03,4.43835385e-01,TS
6,540.496975,0.240000,-4.90492497e-03,4.43813059e-01,TS
6,608.033727,0.240000,-4.38468585e-03,4.43792651e-01,TS
6,684.009404,0.240000,-3.92359777e-03,4.43773016e-01,TS
6,769.478474,0.240000,-3.51448507e-03,4.43753002e-01,TS
6,865.627167,0.240000,-3.15097702e-03,4.43731583e-01,TS
6,973.789933,0.240000,-2.82741072e-03,4.43707976e-01,TS
6,1095.467968,0.240000,-2.53873736e-03,4.43681738e-01,TS
6,1232.350046,0.240000,-2.28044904e-03,4.43652813e-01,TS
6,1386.335959,0.240000,-2.04853512e-03,4.43621539e-01,TS
6,1559.562883,0.240000,-1.83946563e-03,4.43588588e-01,TS
6,1754.435043,0.240000,-1.65019063e-03,4.43554871e-01,TS
6,1973.657075,0.240000,-1.47814088e-03,4.43521399e-01,TS
6,2220.271572,0.240000,-1.32121611e-03,4.43489140e-01,TS
6,2497.701306,0.240000,-1.17775146e-03,4.43458909e-01,TS
6,2809.796735,0.240000,-1.04645846e-03,4.43431290e-01,TS
6,3160.889444,0.240000,-9.26344715e-04,4.43406622e-01,TS
6,3555.852262,0.240000,-8.16624200e-04,4.43385020e-01,TS
6,4000.166894,0.240000,-7.16634077e-04,4.43366425e-01,TS
6,4500.000000,0.240000,-6.25770620e-04,4.43350657e-01,TS
